{"0": {"splitting_variable": 5, "splitting_threshold": 0.581347, "left": {"splitting_variable": 13, "splitting_threshold": 0.074132, "left": {"splitting_variable": 0, "splitting_threshold": 0.863349, "left": {"splitting_variable": 5, "splitting_threshold": 0.04124, "left": 0.39000138000000006, "right": {"splitting_variable": 0, "splitting_threshold": 0.212928, "left": 0.37156338, "right": 0.35559138}}, "right": 0.17130038000000003}, "right": {"splitting_variable": 1, "splitting_threshold": 0.372454, "left": {"splitting_variable": 3, "splitting_threshold": 0.134382, "left": {"splitting_variable": 1, "splitting_threshold": 0.076251, "left": -0.58047562, "right": -0.51808762}, "right": {"splitting_variable": 17, "splitting_threshold": 0.4062, "left": -0.21775836999999998, "right": -0.27443112}}, "right": {"splitting_variable": 1, "splitting_threshold": 0.666743, "left": {"splitting_variable": 0, "splitting_threshold": 0.733315, "left": 0.13042188, "right": -0.27103012}, "right": {"splitting_variable": 7, "splitting_threshold": 0.629194, "left": -0.24741886999999999, "right": -0.42338412000000003}}}}, "right": {"splitting_variable": 18, "splitting_threshold": 0.871386, "left": {"splitting_variable": 0, "splitting_threshold": 0.887243, "left": {"splitting_variable": 9, "splitting_threshold": 0.457512, "left": {"splitting_variable": 7, "splitting_threshold": 0.431423, "left": -0.07855661999999997, "right": 0.15299104666666666}, "right": {"splitting_variable": 9, "splitting_threshold": 0.815639, "left": 0.31838427999999996, "right": 0.15466088000000006}}, "right": -0.28205562}, "right": {"splitting_variable": 0, "splitting_threshold": 0.241952, "left": -0.31115761999999997, "right": {"splitting_variable": 0, "splitting_threshold": 0.40465, "left": -0.011019620000000008, "right": -0.10757262000000001}}}}, "1": {"splitting_variable": 5, "splitting_threshold": 0.581347, "left": {"splitting_variable": 13, "splitting_threshold": 0.074132, "left": {"splitting_variable": 0, "splitting_threshold": 0.863349, "left": {"splitting_variable": 5, "splitting_threshold": 0.04124, "left": 0.35100124200000005, "right": {"splitting_variable": 0, "splitting_threshold": 0.212928, "left": 0.33440704200000004, "right": 0.320032242}}, "right": 0.15417034200000002}, "right": {"splitting_variable": 12, "splitting_threshold": 0.06738, "left": {"splitting_variable": 0, "splitting_threshold": 0.217569, "left": 0.07929819199999999, "right": 0.35643819200000004}, "right": {"splitting_variable": 12, "splitting_threshold": 0.866708, "left": {"splitting_variable": 3, "splitting_threshold": 0.134382, "left": -0.41142287675, "right": -0.1848660712352941}, "right": {"splitting_variable": 0, "splitting_threshold": 0.399324, "left": 0.342390192, "right": 0.07578019199999997}}}}, "right": {"splitting_variable": 18, "splitting_threshold": 0.871386, "left": {"splitting_variable": 0, "splitting_threshold": 0.887243, "left": {"splitting_variable": 9, "splitting_threshold": 0.457512, "left": {"splitting_variable": 7, "splitting_threshold": 0.431423, "left": -0.07070095799999998, "right": 0.13769194200000004}, "right": {"splitting_variable": 4, "splitting_threshold": 0.330882, "left": 0.181321122, "right": 0.30232045199999996}}, "right": -0.253850058}, "right": {"splitting_variable": 0, "splitting_threshold": 0.241952, "left": -0.280041858, "right": {"splitting_variable": 0, "splitting_threshold": 0.40465, "left": -0.009917657999999996, "right": -0.09681535799999996}}}}, "2": {"splitting_variable": 5, "splitting_threshold": 0.581347, "left": {"splitting_variable": 13, "splitting_threshold": 0.074132, "left": {"splitting_variable": 0, "splitting_threshold": 0.863349, "left": {"splitting_variable": 5, "splitting_threshold": 0.04124, "left": 0.3159011178000001, "right": {"splitting_variable": 0, "splitting_threshold": 0.212928, "left": 0.30096633780000004, "right": 0.2880290178}}, "right": 0.13875330780000006}, "right": {"splitting_variable": 1, "splitting_threshold": 0.372454, "left": {"splitting_variable": 3, "splitting_threshold": 0.134382, "left": {"splitting_variable": 1, "splitting_threshold": 0.076251, "left": -0.48128577032500003, "right": -0.42513657032499996}, "right": {"splitting_variable": 17, "splitting_threshold": 0.4062, "left": -0.17749592587647056, "right": -0.22850140087647047}}, "right": {"splitting_variable": 1, "splitting_threshold": 0.666743, "left": {"splitting_variable": 10, "splitting_threshold": 0.413381, "left": 0.26414144824117647, "right": -0.04510172268319327}, "right": {"splitting_variable": 7, "splitting_threshold": 0.629194, "left": -0.1985264557386029, "right": -0.3625591008764706}}}}, "right": {"splitting_variable": 18, "splitting_threshold": 0.871386, "left": {"splitting_variable": 0, "splitting_threshold": 0.887243, "left": {"splitting_variable": 9, "splitting_threshold": 0.457512, "left": {"splitting_variable": 7, "splitting_threshold": 0.431423, "left": -0.06363086220000003, "right": 0.12392274780000005}, "right": {"splitting_variable": 4, "splitting_threshold": 0.330882, "left": 0.1631890098, "right": 0.27208840679999996}}, "right": -0.22846505219999996}, "right": {"splitting_variable": 0, "splitting_threshold": 0.241952, "left": -0.2520376722, "right": {"splitting_variable": 0, "splitting_threshold": 0.40465, "left": -0.008925892199999952, "right": -0.08713382219999999}}}}, "3": {"splitting_variable": 5, "splitting_threshold": 0.581347, "left": {"splitting_variable": 13, "splitting_threshold": 0.074132, "left": {"splitting_variable": 0, "splitting_threshold": 0.863349, "left": {"splitting_variable": 5, "splitting_threshold": 0.04124, "left": 0.28431100602000003, "right": {"splitting_variable": 0, "splitting_threshold": 0.212928, "left": 0.27086970402, "right": 0.25922611602}}, "right": 0.12487797702000003}, "right": {"splitting_variable": 12, "splitting_threshold": 0.06738, "left": {"splitting_variable": 0, "splitting_threshold": 0.217569, "left": 0.07587854506831926, "right": 0.29438022797588237}, "right": {"splitting_variable": 12, "splitting_threshold": 0.866708, "left": {"splitting_variable": 17, "splitting_threshold": 0.985205, "left": -0.2024362119943907, "right": 0.13706465429941184}, "right": {"splitting_variable": 0, "splitting_threshold": 0.399324, "left": 0.2817370279758823, "right": 0.07271234506831925}}}}, "right": {"splitting_variable": 18, "splitting_threshold": 0.871386, "left": {"splitting_variable": 0, "splitting_threshold": 0.887243, "left": {"splitting_variable": 9, "splitting_threshold": 0.457512, "left": {"splitting_variable": 7, "splitting_threshold": 0.559021, "left": -0.02437758186888887, "right": 0.14659430635333331}, "right": {"splitting_variable": 9, "splitting_threshold": 0.815639, "left": 0.23370294066000002, "right": 0.10474377882000002}}, "right": -0.20561854697999998}, "right": {"splitting_variable": 0, "splitting_threshold": 0.241952, "left": -0.22683390498000006, "right": {"splitting_variable": 0, "splitting_threshold": 0.40465, "left": -0.008033302979999934, "right": -0.07842043998000003}}}}, "4": {"splitting_variable": 5, "splitting_threshold": 0.581347, "left": {"splitting_variable": 13, "splitting_threshold": 0.074132, "left": {"splitting_variable": 0, "splitting_threshold": 0.863349, "left": {"splitting_variable": 5, "splitting_threshold": 0.04124, "left": 0.255879905418, "right": {"splitting_variable": 0, "splitting_threshold": 0.212928, "left": 0.24378273361799996, "right": 0.23330350441799996}}, "right": 0.112390179318}, "right": {"splitting_variable": 1, "splitting_threshold": 0.372454, "left": {"splitting_variable": 3, "splitting_threshold": 0.134382, "left": {"splitting_variable": 1, "splitting_threshold": 0.076251, "left": -0.41291357209306095, "right": -0.36237929209306097}, "right": {"splitting_variable": 1, "splitting_threshold": 0.316961, "left": -0.1449235975893844, "right": -0.20420813958938427}}, "right": {"splitting_variable": 1, "splitting_threshold": 0.666743, "left": {"splitting_variable": 0, "splitting_threshold": 0.733315, "left": 0.10568191226536214, "right": -0.20068670740871214}, "right": {"splitting_variable": 0, "splitting_threshold": 0.114583, "left": -0.36649706958938444, "right": -0.17586856509011972}}}}, "right": {"splitting_variable": 18, "splitting_threshold": 0.871386, "left": {"splitting_variable": 0, "splitting_threshold": 0.887243, "left": {"splitting_variable": 9, "splitting_threshold": 0.457512, "left": {"splitting_variable": 7, "splitting_threshold": 0.431423, "left": -0.05483001779311114, "right": 0.10257010532540738}, "right": {"splitting_variable": 12, "splitting_threshold": 0.308459, "left": 0.254943772054, "right": 0.15901127245000002}}, "right": -0.185056692282}, "right": {"splitting_variable": 0, "splitting_threshold": 0.241952, "left": -0.20415051448200006, "right": {"splitting_variable": 0, "splitting_threshold": 0.40465, "left": -0.0072299726819999854, "right": -0.070578395982}}}}, "5": {"splitting_variable": 5, "splitting_threshold": 0.581347, "left": {"splitting_variable": 13, "splitting_threshold": 0.074132, "left": {"splitting_variable": 0, "splitting_threshold": 0.863349, "left": {"splitting_variable": 5, "splitting_threshold": 0.04124, "left": 0.23029191487619993, "right": {"splitting_variable": 0, "splitting_threshold": 0.212928, "left": 0.21940446025619997, "right": 0.20997315397619998}}, "right": 0.10115116138619995}, "right": {"splitting_variable": 1, "splitting_threshold": 0.372454, "left": {"splitting_variable": 3, "splitting_threshold": 0.134382, "left": {"splitting_variable": 1, "splitting_threshold": 0.076251, "left": -0.37162221488375485, "right": -0.32614136288375484}, "right": {"splitting_variable": 17, "splitting_threshold": 0.4062, "left": -0.12501035233044588, "right": -0.16795105273044586}}, "right": {"splitting_variable": 1, "splitting_threshold": 0.666743, "left": {"splitting_variable": 0, "splitting_threshold": 0.733315, "left": 0.09511372103882595, "right": -0.18061803666784088}, "right": {"splitting_variable": 7, "splitting_threshold": 0.425093, "left": -0.12039410907700236, "right": -0.25335785943499256}}}}, "right": {"splitting_variable": 18, "splitting_threshold": 0.871386, "left": {"splitting_variable": 0, "splitting_threshold": 0.887243, "left": {"splitting_variable": 9, "splitting_threshold": 0.457512, "left": {"splitting_variable": 4, "splitting_threshold": 0.227404, "left": 0.17793836518545925, "right": 7.672179138520918e-05}, "right": {"splitting_variable": 7, "splitting_threshold": 0.207385, "left": 0.11245920925099998, "right": 0.20160523800379998}}, "right": -0.16655102305379998}, "right": {"splitting_variable": 0, "splitting_threshold": 0.241952, "left": -0.18373546303380006, "right": {"splitting_variable": 0, "splitting_threshold": 0.40465, "left": -0.006506975413799965, "right": -0.06352055638380005}}}}, "6": {"splitting_variable": 5, "splitting_threshold": 0.581347, "left": {"splitting_variable": 13, "splitting_threshold": 0.074132, "left": {"splitting_variable": 0, "splitting_threshold": 0.863349, "left": {"splitting_variable": 5, "splitting_threshold": 0.04124, "left": 0.20726272338857998, "right": {"splitting_variable": 0, "splitting_threshold": 0.212928, "left": 0.19746401423058002, "right": 0.18897583857858002}}, "right": 0.09103604524757991}, "right": {"splitting_variable": 12, "splitting_threshold": 0.06738, "left": {"splitting_variable": 0, "splitting_threshold": 0.217569, "left": 0.04821112723106846, "right": 0.24486264184787532}, "right": {"splitting_variable": 12, "splitting_threshold": 0.866708, "left": {"splitting_variable": 18, "splitting_threshold": 0.211297, "left": -0.021108646713720425, "right": -0.16533953474697086}, "right": {"splitting_variable": 0, "splitting_threshold": 0.399324, "left": 0.23348376184787523, "right": 0.045361547231068555}}}}, "right": {"splitting_variable": 18, "splitting_threshold": 0.871386, "left": {"splitting_variable": 0, "splitting_threshold": 0.887243, "left": {"splitting_variable": 9, "splitting_threshold": 0.457512, "left": {"splitting_variable": 7, "splitting_threshold": 0.431423, "left": -0.049354688192938534, "right": 0.086376701167259}, "right": {"splitting_variable": 2, "splitting_threshold": 0.1474, "left": 0.11475742297425995, "right": 0.1946443881809}}, "right": -0.14989592074842}, "right": {"splitting_variable": 0, "splitting_threshold": 0.241952, "left": -0.16536191673042006, "right": {"splitting_variable": 0, "splitting_threshold": 0.40465, "left": -0.005856277872419935, "right": -0.057168500745420014}}}}, "7": {"splitting_variable": 5, "splitting_threshold": 0.581347, "left": {"splitting_variable": 13, "splitting_threshold": 0.074132, "left": {"splitting_variable": 0, "splitting_threshold": 0.863349, "left": {"splitting_variable": 5, "splitting_threshold": 0.04124, "left": 0.18653645104972194, "right": {"splitting_variable": 0, "splitting_threshold": 0.212928, "left": 0.17771761280752207, "right": 0.17007825472072202}}, "right": 0.08193244072282191}, "right": {"splitting_variable": 1, "splitting_threshold": 0.372454, "left": {"splitting_variable": 3, "splitting_threshold": 0.134382, "left": {"splitting_variable": 1, "splitting_threshold": 0.076251, "left": -0.31792603992068225, "right": -0.2769932731206822}, "right": {"splitting_variable": 17, "splitting_threshold": 0.4062, "left": -0.09958113582353548, "right": -0.14183353838436671}}, "right": {"splitting_variable": 15, "splitting_threshold": 0.634682, "left": {"splitting_variable": 15, "splitting_threshold": 0.417855, "left": -0.03233195362681027, "right": 0.17863375117886646}, "right": {"splitting_variable": 0, "splitting_threshold": 0.114583, "left": -0.2879776232122496, "right": -0.16466356030469476}}}}, "right": {"splitting_variable": 18, "splitting_threshold": 0.871386, "left": {"splitting_variable": 0, "splitting_threshold": 0.887243, "left": {"splitting_variable": 9, "splitting_threshold": 0.457512, "left": {"splitting_variable": 7, "splitting_threshold": 0.559021, "left": -0.021300075678490755, "right": 0.10413944071989112}, "right": {"splitting_variable": 9, "splitting_threshold": 0.815639, "left": 0.15594765592969156, "right": 0.05564661047047398}}, "right": -0.134906328673578}, "right": {"splitting_variable": 0, "splitting_threshold": 0.241952, "left": -0.14882572505737807, "right": {"splitting_variable": 0, "splitting_threshold": 0.40465, "left": -0.005270650085177908, "right": -0.05145165067087798}}}}, "8": {"splitting_variable": 5, "splitting_threshold": 0.581347, "left": {"splitting_variable": 13, "splitting_threshold": 0.074132, "left": {"splitting_variable": 0, "splitting_threshold": 0.863349, "left": {"splitting_variable": 5, "splitting_threshold": 0.04124, "left": 0.1678828059447497, "right": {"splitting_variable": 0, "splitting_threshold": 0.212928, "left": 0.15994585152676988, "right": 0.15307042924864978}}, "right": 0.07373919665053974}, "right": {"splitting_variable": 1, "splitting_threshold": 0.372454, "left": {"splitting_variable": 3, "splitting_threshold": 0.134382, "left": {"splitting_variable": 1, "splitting_threshold": 0.076251, "left": -0.286133435928614, "right": -0.24929394580861403}, "right": {"splitting_variable": 17, "splitting_threshold": 0.4062, "left": -0.08962302224118193, "right": -0.12765018454593005}}, "right": {"splitting_variable": 1, "splitting_threshold": 0.666743, "left": {"splitting_variable": 0, "splitting_threshold": 0.733315, "left": 0.07843654642695519, "right": -0.1361725038297844}, "right": {"splitting_variable": 7, "splitting_threshold": 0.629194, "left": -0.09909609861836922, "right": -0.22105606959525986}}}}, "right": {"splitting_variable": 18, "splitting_threshold": 0.871386, "left": {"splitting_variable": 0, "splitting_threshold": 0.887243, "left": {"splitting_variable": 9, "splitting_threshold": 0.457512, "left": {"splitting_variable": 4, "splitting_threshold": 0.227404, "left": 0.14109291447819827, "right": -0.0027880313785798305}, "right": {"splitting_variable": 4, "splitting_threshold": 0.330882, "left": 0.07628796762082568, "right": 0.1498176164663468}}, "right": -0.12141569580622019}, "right": {"splitting_variable": 0, "splitting_threshold": 0.241952, "left": -0.13394315255164024, "right": {"splitting_variable": 0, "splitting_threshold": 0.40465, "left": -0.004743585076660173, "right": -0.04630648560379014}}}}, "9": {"splitting_variable": 5, "splitting_threshold": 0.581347, "left": {"splitting_variable": 13, "splitting_threshold": 0.074132, "left": {"splitting_variable": 0, "splitting_threshold": 0.863349, "left": {"splitting_variable": 5, "splitting_threshold": 0.04124, "left": 0.15109452535027468, "right": {"splitting_variable": 0, "splitting_threshold": 0.212928, "left": 0.14395126637409283, "right": 0.13776338632378482}}, "right": 0.06636527698548578}, "right": {"splitting_variable": 12, "splitting_threshold": 0.06738, "left": {"splitting_variable": 0, "splitting_threshold": 0.217569, "left": 0.03877955522794718, "right": 0.19466934790250567}, "right": {"splitting_variable": 12, "splitting_threshold": 0.866708, "left": {"splitting_variable": 7, "splitting_threshold": 0.853937, "left": -0.0767542692511511, "right": -0.18394010884036133}, "right": {"splitting_variable": 0, "splitting_threshold": 0.399324, "left": 0.1844283559025055, "right": 0.03621493322794722}}}}, "right": {"splitting_variable": 18, "splitting_threshold": 0.871386, "left": {"splitting_variable": 21, "splitting_threshold": 0.637083, "left": {"splitting_variable": 24, "splitting_threshold": 0.242869, "left": {"splitting_variable": 0, "splitting_threshold": 0.809275, "left": 0.06810376414767123, "right": -0.042890408667937585}, "right": {"splitting_variable": 9, "splitting_threshold": 0.596797, "left": 0.11372282234581561, "right": 0.15722229428673892}}, "right": {"splitting_variable": 5, "splitting_threshold": 0.681388, "left": {"splitting_variable": 0, "splitting_threshold": 0.730066, "left": -0.0411304086679376, "right": -0.10927412622559818}, "right": {"splitting_variable": 0, "splitting_threshold": 0.171493, "left": 0.03557383753943405, "right": 0.07577607170150619}}}, "right": {"splitting_variable": 0, "splitting_threshold": 0.241952, "left": -0.1205488372964762, "right": {"splitting_variable": 0, "splitting_threshold": 0.40465, "left": -0.0042692265689942, "right": -0.04167583704341116}}}}}