{"0": {"splitting_variable": 5, "splitting_threshold": 0.581347, "left": {"splitting_variable": 13, "splitting_threshold": 0.074132, "left": {"splitting_variable": 0, "splitting_threshold": 0.863349, "left": {"splitting_variable": 5, "splitting_threshold": 0.04124, "left": 0.39000138000000006, "right": {"splitting_variable": 0, "splitting_threshold": 0.212928, "left": 0.37156338, "right": 0.35559138}}, "right": 0.17130038000000003}, "right": {"splitting_variable": 1, "splitting_threshold": 0.372454, "left": {"splitting_variable": 3, "splitting_threshold": 0.134382, "left": {"splitting_variable": 1, "splitting_threshold": 0.076251, "left": -0.58047562, "right": -0.51808762}, "right": {"splitting_variable": 17, "splitting_threshold": 0.4062, "left": -0.21775836999999998, "right": -0.27443112}}, "right": {"splitting_variable": 1, "splitting_threshold": 0.666743, "left": {"splitting_variable": 0, "splitting_threshold": 0.733315, "left": 0.13042188, "right": -0.27103012}, "right": {"splitting_variable": 7, "splitting_threshold": 0.629194, "left": -0.24741886999999999, "right": -0.42338412000000003}}}}, "right": {"splitting_variable": 18, "splitting_threshold": 0.871386, "left": {"splitting_variable": 0, "splitting_threshold": 0.887243, "left": {"splitting_variable": 9, "splitting_threshold": 0.457512, "left": {"splitting_variable": 7, "splitting_threshold": 0.431423, "left": -0.07855661999999997, "right": 0.15299104666666666}, "right": {"splitting_variable": 9, "splitting_threshold": 0.815639, "left": 0.31838427999999996, "right": 0.15466088000000006}}, "right": -0.28205562}, "right": {"splitting_variable": 0, "splitting_threshold": 0.241952, "left": -0.31115761999999997, "right": {"splitting_variable": 0, "splitting_threshold": 0.40465, "left": -0.011019620000000008, "right": -0.10757262000000001}}}}, "1": {"splitting_variable": 5, "splitting_threshold": 0.581347, "left": {"splitting_variable": 13, "splitting_threshold": 0.074132, "left": {"splitting_variable": 0, "splitting_threshold": 0.863349, "left": {"splitting_variable": 5, "splitting_threshold": 0.04124, "left": 0.35100124200000005, "right": {"splitting_variable": 0, "splitting_threshold": 0.212928, "left": 0.33440704200000004, "right": 0.320032242}}, "right": 0.15417034200000002}, "right": {"splitting_variable": 12, "splitting_threshold": 0.06738, "left": {"splitting_variable": 0, "splitting_threshold": 0.217569, "left": 0.07929819199999999, "right": 0.35643819200000004}, "right": {"splitting_variable": 12, "splitting_threshold": 0.866708, "left": {"splitting_variable": 3, "splitting_threshold": 0.134382, "left": -0.41142287675, "right": -0.1848660712352941}, "right": {"splitting_variable": 0, "splitting_threshold": 0.399324, "left": 0.342390192, "right": 0.07578019199999997}}}}, "right": {"splitting_variable": 18, "splitting_threshold": 0.871386, "left": {"splitting_variable": 0, "splitting_threshold": 0.887243, "left": {"splitting_variable": 9, "splitting_threshold": 0.457512, "left": {"splitting_variable": 7, "splitting_threshold": 0.431423, "left": -0.07070095799999998, "right": 0.13769194200000004}, "right": {"splitting_variable": 4, "splitting_threshold": 0.330882, "left": 0.181321122, "right": 0.30232045199999996}}, "right": -0.253850058}, "right": {"splitting_variable": 0, "splitting_threshold": 0.241952, "left": -0.280041858, "right": {"splitting_variable": 0, "splitting_threshold": 0.40465, "left": -0.009917657999999996, "right": -0.09681535799999996}}}}, "2": {"splitting_variable": 5, "splitting_threshold": 0.581347, "left": {"splitting_variable": 13, "splitting_threshold": 0.074132, "left": {"splitting_variable": 0, "splitting_threshold": 0.863349, "left": {"splitting_variable": 5, "splitting_threshold": 0.04124, "left": 0.3159011178000001, "right": {"splitting_variable": 0, "splitting_threshold": 0.212928, "left": 0.30096633780000004, "right": 0.2880290178}}, "right": 0.13875330780000006}, "right": {"splitting_variable": 1, "splitting_threshold": 0.372454, "left": {"splitting_variable": 3, "splitting_threshold": 0.134382, "left": {"splitting_variable": 1, "splitting_threshold": 0.076251, "left": -0.48128577032500003, "right": -0.42513657032499996}, "right": {"splitting_variable": 17, "splitting_threshold": 0.4062, "left": -0.17749592587647056, "right": -0.22850140087647047}}, "right": {"splitting_variable": 1, "splitting_threshold": 0.666743, "left": {"splitting_variable": 10, "splitting_threshold": 0.413381, "left": 0.26414144824117647, "right": -0.04510172268319327}, "right": {"splitting_variable": 7, "splitting_threshold": 0.629194, "left": -0.1985264557386029, "right": -0.3625591008764706}}}}, "right": {"splitting_variable": 18, "splitting_threshold": 0.871386, "left": {"splitting_variable": 0, "splitting_threshold": 0.887243, "left": {"splitting_variable": 9, "splitting_threshold": 0.457512, "left": {"splitting_variable": 7, "splitting_threshold": 0.431423, "left": -0.06363086220000003, "right": 0.12392274780000005}, "right": {"splitting_variable": 4, "splitting_threshold": 0.330882, "left": 0.1631890098, "right": 0.27208840679999996}}, "right": -0.22846505219999996}, "right": {"splitting_variable": 0, "splitting_threshold": 0.241952, "left": -0.2520376722, "right": {"splitting_variable": 0, "splitting_threshold": 0.40465, "left": -0.008925892199999952, "right": -0.08713382219999999}}}}, "3": {"splitting_variable": 5, "splitting_threshold": 0.581347, "left": {"splitting_variable": 13, "splitting_threshold": 0.074132, "left": {"splitting_variable": 0, "splitting_threshold": 0.863349, "left": {"splitting_variable": 5, "splitting_threshold": 0.04124, "left": 0.28431100602000003, "right": {"splitting_variable": 0, "splitting_threshold": 0.212928, "left": 0.27086970402, "right": 0.25922611602}}, "right": 0.12487797702000003}, "right": {"splitting_variable": 12, "splitting_threshold": 0.06738, "left": {"splitting_variable": 0, "splitting_threshold": 0.217569, "left": 0.07587854506831926, "right": 0.29438022797588237}, "right": {"splitting_variable": 12, "splitting_threshold": 0.866708, "left": {"splitting_variable": 17, "splitting_threshold": 0.985205, "left": -0.2024362119943907, "right": 0.13706465429941184}, "right": {"splitting_variable": 0, "splitting_threshold": 0.399324, "left": 0.2817370279758823, "right": 0.07271234506831925}}}}, "right": {"splitting_variable": 18, "splitting_threshold": 0.871386, "left": {"splitting_variable": 0, "splitting_threshold": 0.887243, "left": {"splitting_variable": 9, "splitting_threshold": 0.457512, "left": {"splitting_variable": 7, "splitting_threshold": 0.559021, "left": -0.02437758186888887, "right": 0.14659430635333331}, "right": {"splitting_variable": 9, "splitting_threshold": 0.815639, "left": 0.23370294066000002, "right": 0.10474377882000002}}, "right": -0.20561854697999998}, "right": {"splitting_variable": 0, "splitting_threshold": 0.241952, "left": -0.22683390498000006, "right": {"splitting_variable": 0, "splitting_threshold": 0.40465, "left": -0.008033302979999934, "right": -0.07842043998000003}}}}, "4": {"splitting_variable": 5, "splitting_threshold": 0.581347, "left": {"splitting_variable": 13, "splitting_threshold": 0.074132, "left": {"splitting_variable": 0, "splitting_threshold": 0.863349, "left": {"splitting_variable": 5, "splitting_threshold": 0.04124, "left": 0.255879905418, "right": {"splitting_variable": 0, "splitting_threshold": 0.212928, "left": 0.24378273361799996, "right": 0.23330350441799996}}, "right": 0.112390179318}, "right": {"splitting_variable": 1, "splitting_threshold": 0.372454, "left": {"splitting_variable": 3, "splitting_threshold": 0.134382, "left": {"splitting_variable": 1, "splitting_threshold": 0.076251, "left": -0.41291357209306095, "right": -0.36237929209306097}, "right": {"splitting_variable": 1, "splitting_threshold": 0.316961, "left": -0.1449235975893844, "right": -0.20420813958938427}}, "right": {"splitting_variable": 1, "splitting_threshold": 0.666743, "left": {"splitting_variable": 0, "splitting_threshold": 0.733315, "left": 0.10568191226536214, "right": -0.20068670740871214}, "right": {"splitting_variable": 0, "splitting_threshold": 0.114583, "left": -0.36649706958938444, "right": -0.17586856509011972}}}}, "right": {"splitting_variable": 18, "splitting_threshold": 0.871386, "left": {"splitting_variable": 0, "splitting_threshold": 0.887243, "left": {"splitting_variable": 9, "splitting_threshold": 0.457512, "left": {"splitting_variable": 7, "splitting_threshold": 0.431423, "left": -0.05483001779311114, "right": 0.10257010532540738}, "right": {"splitting_variable": 12, "splitting_threshold": 0.308459, "left": 0.254943772054, "right": 0.15901127245000002}}, "right": -0.185056692282}, "right": {"splitting_variable": 0, "splitting_threshold": 0.241952, "left": -0.20415051448200006, "right": {"splitting_variable": 0, "splitting_threshold": 0.40465, "left": -0.0072299726819999854, "right": -0.070578395982}}}}, "5": {"splitting_variable": 5, "splitting_threshold": 0.581347, "left": {"splitting_variable": 13, "splitting_threshold": 0.074132, "left": {"splitting_variable": 0, "splitting_threshold": 0.863349, "left": {"splitting_variable": 5, "splitting_threshold": 0.04124, "left": 0.23029191487619993, "right": {"splitting_variable": 0, "splitting_threshold": 0.212928, "left": 0.21940446025619997, "right": 0.20997315397619998}}, "right": 0.10115116138619995}, "right": {"splitting_variable": 1, "splitting_threshold": 0.372454, "left": {"splitting_variable": 3, "splitting_threshold": 0.134382, "left": {"splitting_variable": 1, "splitting_threshold": 0.076251, "left": -0.37162221488375485, "right": -0.32614136288375484}, "right": {"splitting_variable": 17, "splitting_threshold": 0.4062, "left": -0.12501035233044588, "right": -0.16795105273044586}}, "right": {"splitting_variable": 1, "splitting_threshold": 0.666743, "left": {"splitting_variable": 0, "splitting_threshold": 0.733315, "left": 0.09511372103882595, "right": -0.18061803666784088}, "right": {"splitting_variable": 7, "splitting_threshold": 0.425093, "left": -0.12039410907700236, "right": -0.25335785943499256}}}}, "right": {"splitting_variable": 18, "splitting_threshold": 0.871386, "left": {"splitting_variable": 0, "splitting_threshold": 0.887243, "left": {"splitting_variable": 9, "splitting_threshold": 0.457512, "left": {"splitting_variable": 4, "splitting_threshold": 0.227404, "left": 0.17793836518545925, "right": 7.672179138520918e-05}, "right": {"splitting_variable": 7, "splitting_threshold": 0.207385, "left": 0.11245920925099998, "right": 0.20160523800379998}}, "right": -0.16655102305379998}, "right": {"splitting_variable": 0, "splitting_threshold": 0.241952, "left": -0.18373546303380006, "right": {"splitting_variable": 0, "splitting_threshold": 0.40465, "left": -0.006506975413799965, "right": -0.06352055638380005}}}}, "6": {"splitting_variable": 5, "splitting_threshold": 0.581347, "left": {"splitting_variable": 13, "splitting_threshold": 0.074132, "left": {"splitting_variable": 0, "splitting_threshold": 0.863349, "left": {"splitting_variable": 5, "splitting_threshold": 0.04124, "left": 0.20726272338857998, "right": {"splitting_variable": 0, "splitting_threshold": 0.212928, "left": 0.19746401423058002, "right": 0.18897583857858002}}, "right": 0.09103604524757991}, "right": {"splitting_variable": 12, "splitting_threshold": 0.06738, "left": {"splitting_variable": 0, "splitting_threshold": 0.217569, "left": 0.04821112723106846, "right": 0.24486264184787532}, "right": {"splitting_variable": 12, "splitting_threshold": 0.866708, "left": {"splitting_variable": 18, "splitting_threshold": 0.211297, "left": -0.021108646713720425, "right": -0.16533953474697086}, "right": {"splitting_variable": 0, "splitting_threshold": 0.399324, "left": 0.23348376184787523, "right": 0.045361547231068555}}}}, "right": {"splitting_variable": 18, "splitting_threshold": 0.871386, "left": {"splitting_variable": 0, "splitting_threshold": 0.887243, "left": {"splitting_variable": 9, "splitting_threshold": 0.457512, "left": {"splitting_variable": 7, "splitting_threshold": 0.431423, "left": -0.049354688192938534, "right": 0.086376701167259}, "right": {"splitting_variable": 2, "splitting_threshold": 0.1474, "left": 0.11475742297425995, "right": 0.1946443881809}}, "right": -0.14989592074842}, "right": {"splitting_variable": 0, "splitting_threshold": 0.241952, "left": -0.16536191673042006, "right": {"splitting_variable": 0, "splitting_threshold": 0.40465, "left": -0.005856277872419935, "right": -0.057168500745420014}}}}, "7": {"splitting_variable": 5, "splitting_threshold": 0.581347, "left": {"splitting_variable": 13, "splitting_threshold": 0.074132, "left": {"splitting_variable": 0, "splitting_threshold": 0.863349, "left": {"splitting_variable": 5, "splitting_threshold": 0.04124, "left": 0.18653645104972194, "right": {"splitting_variable": 0, "splitting_threshold": 0.212928, "left": 0.17771761280752207, "right": 0.17007825472072202}}, "right": 0.08193244072282191}, "right": {"splitting_variable": 1, "splitting_threshold": 0.372454, "left": {"splitting_variable": 3, "splitting_threshold": 0.134382, "left": {"splitting_variable": 1, "splitting_threshold": 0.076251, "left": -0.31792603992068225, "right": -0.2769932731206822}, "right": {"splitting_variable": 17, "splitting_threshold": 0.4062, "left": -0.09958113582353548, "right": -0.14183353838436671}}, "right": {"splitting_variable": 15, "splitting_threshold": 0.634682, "left": {"splitting_variable": 15, "splitting_threshold": 0.417855, "left": -0.03233195362681027, "right": 0.17863375117886646}, "right": {"splitting_variable": 0, "splitting_threshold": 0.114583, "left": -0.2879776232122496, "right": -0.16466356030469476}}}}, "right": {"splitting_variable": 18, "splitting_threshold": 0.871386, "left": {"splitting_variable": 0, "splitting_threshold": 0.887243, "left": {"splitting_variable": 9, "splitting_threshold": 0.457512, "left": {"splitting_variable": 7, "splitting_threshold": 0.559021, "left": -0.021300075678490755, "right": 0.10413944071989112}, "right": {"splitting_variable": 9, "splitting_threshold": 0.815639, "left": 0.15594765592969156, "right": 0.05564661047047398}}, "right": -0.134906328673578}, "right": {"splitting_variable": 0, "splitting_threshold": 0.241952, "left": -0.14882572505737807, "right": {"splitting_variable": 0, "splitting_threshold": 0.40465, "left": -0.005270650085177908, "right": -0.05145165067087798}}}}, "8": {"splitting_variable": 5, "splitting_threshold": 0.581347, "left": {"splitting_variable": 13, "splitting_threshold": 0.074132, "left": {"splitting_variable": 0, "splitting_threshold": 0.863349, "left": {"splitting_variable": 5, "splitting_threshold": 0.04124, "left": 0.1678828059447497, "right": {"splitting_variable": 0, "splitting_threshold": 0.212928, "left": 0.15994585152676988, "right": 0.15307042924864978}}, "right": 0.07373919665053974}, "right": {"splitting_variable": 1, "splitting_threshold": 0.372454, "left": {"splitting_variable": 3, "splitting_threshold": 0.134382, "left": {"splitting_variable": 1, "splitting_threshold": 0.076251, "left": -0.286133435928614, "right": -0.24929394580861403}, "right": {"splitting_variable": 17, "splitting_threshold": 0.4062, "left": -0.08962302224118193, "right": -0.12765018454593005}}, "right": {"splitting_variable": 1, "splitting_threshold": 0.666743, "left": {"splitting_variable": 0, "splitting_threshold": 0.733315, "left": 0.07843654642695519, "right": -0.1361725038297844}, "right": {"splitting_variable": 7, "splitting_threshold": 0.629194, "left": -0.09909609861836922, "right": -0.22105606959525986}}}}, "right": {"splitting_variable": 18, "splitting_threshold": 0.871386, "left": {"splitting_variable": 0, "splitting_threshold": 0.887243, "left": {"splitting_variable": 9, "splitting_threshold": 0.457512, "left": {"splitting_variable": 4, "splitting_threshold": 0.227404, "left": 0.14109291447819827, "right": -0.0027880313785798305}, "right": {"splitting_variable": 4, "splitting_threshold": 0.330882, "left": 0.07628796762082568, "right": 0.1498176164663468}}, "right": -0.12141569580622019}, "right": {"splitting_variable": 0, "splitting_threshold": 0.241952, "left": -0.13394315255164024, "right": {"splitting_variable": 0, "splitting_threshold": 0.40465, "left": -0.004743585076660173, "right": -0.04630648560379014}}}}, "9": {"splitting_variable": 5, "splitting_threshold": 0.581347, "left": {"splitting_variable": 13, "splitting_threshold": 0.074132, "left": {"splitting_variable": 0, "splitting_threshold": 0.863349, "left": {"splitting_variable": 5, "splitting_threshold": 0.04124, "left": 0.15109452535027468, "right": {"splitting_variable": 0, "splitting_threshold": 0.212928, "left": 0.14395126637409283, "right": 0.13776338632378482}}, "right": 0.06636527698548578}, "right": {"splitting_variable": 12, "splitting_threshold": 0.06738, "left": {"splitting_variable": 0, "splitting_threshold": 0.217569, "left": 0.03877955522794718, "right": 0.19466934790250567}, "right": {"splitting_variable": 12, "splitting_threshold": 0.866708, "left": {"splitting_variable": 7, "splitting_threshold": 0.853937, "left": -0.0767542692511511, "right": -0.18394010884036133}, "right": {"splitting_variable": 0, "splitting_threshold": 0.399324, "left": 0.1844283559025055, "right": 0.03621493322794722}}}}, "right": {"splitting_variable": 18, "splitting_threshold": 0.871386, "left": {"splitting_variable": 21, "splitting_threshold": 0.637083, "left": {"splitting_variable": 24, "splitting_threshold": 0.242869, "left": {"splitting_variable": 0, "splitting_threshold": 0.809275, "left": 0.06810376414767123, "right": -0.042890408667937585}, "right": {"splitting_variable": 9, "splitting_threshold": 0.596797, "left": 0.11372282234581561, "right": 0.15722229428673892}}, "right": {"splitting_variable": 5, "splitting_threshold": 0.681388, "left": {"splitting_variable": 0, "splitting_threshold": 0.730066, "left": -0.0411304086679376, "right": -0.10927412622559818}, "right": {"splitting_variable": 0, "splitting_threshold": 0.171493, "left": 0.03557383753943405, "right": 0.07577607170150619}}}, "right": {"splitting_variable": 0, "splitting_threshold": 0.241952, "left": -0.1205488372964762, "right": {"splitting_variable": 0, "splitting_threshold": 0.40465, "left": -0.0042692265689942, "right": -0.04167583704341116}}}}, "10": {"splitting_variable": 5, "splitting_threshold": 0.581347, "left": {"splitting_variable": 13, "splitting_threshold": 0.074132, "left": {"splitting_variable": 0, "splitting_threshold": 0.863349, "left": {"splitting_variable": 5, "splitting_threshold": 0.04124, "left": 0.1359850728152472, "right": {"splitting_variable": 0, "splitting_threshold": 0.212928, "left": 0.12955613973668356, "right": 0.12398704769140634}}, "right": 0.059728749286937166}, "right": {"splitting_variable": 1, "splitting_threshold": 0.372454, "left": {"splitting_variable": 3, "splitting_threshold": 0.134382, "left": {"splitting_variable": 1, "splitting_threshold": 0.076251, "left": -0.24984466541063752, "right": -0.21132983232317698}, "right": {"splitting_variable": 24, "splitting_threshold": 0.195838, "left": -0.06836780049222568, "right": -0.09684622175488006}}, "right": {"splitting_variable": 15, "splitting_threshold": 0.634682, "left": {"splitting_variable": 15, "splitting_threshold": 0.417855, "left": -0.02095754410392498, "right": 0.14284860693315568}, "right": {"splitting_variable": 0, "splitting_threshold": 0.114583, "left": -0.21868024304746253, "right": -0.12580342599391905}}}}, "right": {"splitting_variable": 18, "splitting_threshold": 0.871386, "left": {"splitting_variable": 21, "splitting_threshold": 0.637083, "left": {"splitting_variable": 24, "splitting_threshold": 0.242869, "left": {"splitting_variable": 0, "splitting_threshold": 0.809275, "left": 0.061293387732904124, "right": -0.03860136780114387}, "right": {"splitting_variable": 9, "splitting_threshold": 0.596797, "left": 0.10235054011123408, "right": 0.14150006485806507}}, "right": {"splitting_variable": 5, "splitting_threshold": 0.681388, "left": {"splitting_variable": 0, "splitting_threshold": 0.730066, "left": -0.03701736780114384, "right": -0.09834671360303837}, "right": {"splitting_variable": 1, "splitting_threshold": 0.029649, "left": 0.08202808188599153, "right": 0.03946725158256692}}}, "right": {"splitting_variable": 0, "splitting_threshold": 0.241952, "left": -0.10849395356682856, "right": {"splitting_variable": 0, "splitting_threshold": 0.40465, "left": -0.0038423039120947244, "right": -0.03750825333907004}}}}, "11": {"splitting_variable": 23, "splitting_threshold": 0.08861, "left": {"splitting_variable": 7, "splitting_threshold": 0.828729, "left": {"splitting_variable": 0, "splitting_threshold": 0.175949, "left": -0.11368952775914937, "right": {"splitting_variable": 0, "splitting_threshold": 0.524942, "left": -0.07715314871562934, "right": -0.07227515244519256}}, "right": {"splitting_variable": 0, "splitting_threshold": 0.283226, "left": -0.14033690604554044, "right": -0.19569855711139877}}, "right": {"splitting_variable": 16, "splitting_threshold": 0.351702, "left": {"splitting_variable": 25, "splitting_threshold": 0.196249, "left": {"splitting_variable": 3, "splitting_threshold": 0.134382, "left": {"splitting_variable": 0, "splitting_threshold": 0.838918, "left": -0.22486019886957376, "right": -0.18469514107031978}, "right": {"splitting_variable": 0, "splitting_threshold": 0.302359, "left": -0.05072799084189478, "right": -0.13208981962948368}}, "right": {"splitting_variable": 25, "splitting_threshold": 0.490951, "left": {"splitting_variable": 0, "splitting_threshold": 0.328721, "left": -0.04039297110026585, "right": 0.08649065034983022}, "right": {"splitting_variable": 19, "splitting_threshold": 0.280033, "left": -0.026693392627235486, "right": -0.08763396320623136}}}, "right": {"splitting_variable": 15, "splitting_threshold": 0.915287, "left": {"splitting_variable": 12, "splitting_threshold": 0.308459, "left": {"splitting_variable": 14, "splitting_threshold": 0.188459, "left": 0.055035190398593115, "right": 0.13216890199424544}, "right": {"splitting_variable": 4, "splitting_threshold": 0.612704, "left": 0.007192865740197299, "right": 0.08826811182691399}}, "right": {"splitting_variable": 0, "splitting_threshold": 0.114583, "left": -0.19681221874271626, "right": -0.09388990279494841}}}}, "12": {"splitting_variable": 23, "splitting_threshold": 0.08861, "left": {"splitting_variable": 7, "splitting_threshold": 0.828729, "left": {"splitting_variable": 0, "splitting_threshold": 0.175949, "left": -0.10232057498323444, "right": {"splitting_variable": 0, "splitting_threshold": 0.524942, "left": -0.06943783384406643, "right": -0.0650476372006733}}, "right": {"splitting_variable": 0, "splitting_threshold": 0.283226, "left": -0.12630321544098638, "right": -0.17612870140025888}}, "right": {"splitting_variable": 16, "splitting_threshold": 0.351702, "left": {"splitting_variable": 25, "splitting_threshold": 0.196249, "left": {"splitting_variable": 3, "splitting_threshold": 0.134382, "left": {"splitting_variable": 0, "splitting_threshold": 0.838918, "left": -0.20237417898261637, "right": -0.16622562696328783}, "right": {"splitting_variable": 0, "splitting_threshold": 0.302359, "left": -0.04565519175770527, "right": -0.11888083766653534}}, "right": {"splitting_variable": 25, "splitting_threshold": 0.490951, "left": {"splitting_variable": 0, "splitting_threshold": 0.328721, "left": -0.036353673990239255, "right": 0.07784158531484725}, "right": {"splitting_variable": 19, "splitting_threshold": 0.280033, "left": -0.024024053364511966, "right": -0.07887056688560824}}}, "right": {"splitting_variable": 15, "splitting_threshold": 0.915287, "left": {"splitting_variable": 1, "splitting_threshold": 0.007321, "left": {"splitting_variable": 0, "splitting_threshold": 0.730066, "left": -0.034034917595049174, "right": -0.08961967506641616}, "right": {"splitting_variable": 24, "splitting_threshold": 0.208396, "left": -0.05005654039921115, "right": 0.07262239745434651}}, "right": {"splitting_variable": 0, "splitting_threshold": 0.114583, "left": -0.17713099686844463, "right": -0.08450091251545355}}}}, "13": {"splitting_variable": 4, "splitting_threshold": 0.668537, "left": {"splitting_variable": 13, "splitting_threshold": 0.099023, "left": {"splitting_variable": 0, "splitting_threshold": 0.059051, "left": 0.11130153913118657, "right": {"splitting_variable": 0, "splitting_threshold": 0.652517, "left": {"splitting_variable": 0, "splitting_threshold": 0.212928, "left": 0.1005114748348892, "right": 0.1019074355888634}, "right": 0.10360681660281135}}, "right": {"splitting_variable": 5, "splitting_threshold": 0.697405, "left": {"splitting_variable": 12, "splitting_threshold": 0.06738, "left": {"splitting_variable": 0, "splitting_threshold": 0.217569, "left": 0.024231595330250988, "right": 0.14043842247408045}, "right": {"splitting_variable": 18, "splitting_threshold": 0.781717, "left": -0.05421700405637623, "right": -0.12470945992904388}}, "right": {"splitting_variable": 0, "splitting_threshold": 0.4164, "left": {"splitting_variable": 0, "splitting_threshold": 0.171493, "left": 0.02012027192313041, "right": -0.020455330189800613}, "right": {"splitting_variable": 0, "splitting_threshold": 0.605536, "left": 0.06396393831095376, "right": 0.08489715683981436}}}}, "right": {"splitting_variable": 11, "splitting_threshold": 0.829232, "left": {"splitting_variable": 27, "splitting_threshold": 0.379959, "left": {"splitting_variable": 5, "splitting_threshold": 0.60318, "left": {"splitting_variable": 0, "splitting_threshold": 0.399324, "left": 0.13561160869081346, "right": 0.12487053913118662}, "right": {"splitting_variable": 0, "splitting_threshold": 0.272824, "left": 0.1067235391311866, "right": 0.08719581907168095}}, "right": {"splitting_variable": 20, "splitting_threshold": 0.346289, "left": {"splitting_variable": 2, "splitting_threshold": 0.011846, "left": 0.0343330710903369, "right": 0.092086259305219}, "right": {"splitting_variable": 5, "splitting_threshold": 0.655553, "left": 0.025658195270224532, "right": -0.02966948642185474}}}, "right": -0.10699275389988183}}, "14": {"splitting_variable": 23, "splitting_threshold": 0.08861, "left": {"splitting_variable": 7, "splitting_threshold": 0.828729, "left": {"splitting_variable": 0, "splitting_threshold": 0.175949, "left": -0.08666681707927337, "right": {"splitting_variable": 0, "splitting_threshold": 0.524942, "left": -0.05707235005402217, "right": -0.053121173074968386}}, "right": {"splitting_variable": 0, "splitting_threshold": 0.283226, "left": -0.10825119349125012, "right": -0.14604488526732862}}, "right": {"splitting_variable": 16, "splitting_threshold": 0.351702, "left": {"splitting_variable": 25, "splitting_threshold": 0.196249, "left": {"splitting_variable": 3, "splitting_threshold": 0.134382, "left": {"splitting_variable": 0, "splitting_threshold": 0.838918, "left": -0.16966581509145034, "right": -0.13713211827405467}, "right": {"splitting_variable": 0, "splitting_threshold": 0.302359, "left": -0.035667972176297136, "right": -0.09629347850989367}}, "right": {"splitting_variable": 25, "splitting_threshold": 0.490951, "left": {"splitting_variable": 0, "splitting_threshold": 0.328721, "left": -0.02729660618557772, "right": 0.06333482148441058}, "right": {"splitting_variable": 16, "splitting_threshold": 0.201744, "left": -0.024717176600797044, "right": -0.06944071871709974}}}, "right": {"splitting_variable": 15, "splitting_threshold": 0.915287, "left": {"splitting_variable": 12, "splitting_threshold": 0.308459, "left": {"splitting_variable": 14, "splitting_threshold": 0.188459, "left": 0.043768702049605424, "right": 0.1005207948444477}, "right": {"splitting_variable": 4, "splitting_threshold": 0.612704, "left": 0.004197350864539572, "right": 0.06495127427354623}}, "right": {"splitting_variable": 0, "splitting_threshold": 0.114583, "left": -0.15399619677596255, "right": -0.07062912085827061}}}}, "15": {"splitting_variable": 23, "splitting_threshold": 0.08861, "left": {"splitting_variable": 7, "splitting_threshold": 0.828729, "left": {"splitting_variable": 0, "splitting_threshold": 0.175949, "left": -0.07800013537134604, "right": {"splitting_variable": 0, "splitting_threshold": 0.524942, "left": -0.05136511504861996, "right": -0.04780905576747152}}, "right": {"splitting_variable": 0, "splitting_threshold": 0.283226, "left": -0.09742607414212512, "right": -0.13144039674059577}}, "right": {"splitting_variable": 16, "splitting_threshold": 0.351702, "left": {"splitting_variable": 25, "splitting_threshold": 0.196249, "left": {"splitting_variable": 3, "splitting_threshold": 0.134382, "left": {"splitting_variable": 0, "splitting_threshold": 0.838918, "left": -0.1526992335823053, "right": -0.12341890644664918}, "right": {"splitting_variable": 0, "splitting_threshold": 0.302359, "left": -0.03210117495866743, "right": -0.08666413065890433}}, "right": {"splitting_variable": 25, "splitting_threshold": 0.490951, "left": {"splitting_variable": 0, "splitting_threshold": 0.328721, "left": -0.024566945567019938, "right": 0.057001339335969486}, "right": {"splitting_variable": 4, "splitting_threshold": 0.632587, "left": -0.05211986074054805, "right": -0.007936236298149213}}}, "right": {"splitting_variable": 15, "splitting_threshold": 0.915287, "left": {"splitting_variable": 1, "splitting_threshold": 0.007321, "left": {"splitting_variable": 0, "splitting_threshold": 0.730066, "left": -0.025629460516360614, "right": -0.07565574224059085}, "right": {"splitting_variable": 24, "splitting_threshold": 0.233763, "left": -0.006553911030590709, "right": 0.06050875655097906}}, "right": {"splitting_variable": 0, "splitting_threshold": 0.114583, "left": -0.1385965770983663, "right": -0.06356620877244357}}}}, "16": {"splitting_variable": 4, "splitting_threshold": 0.668537, "left": {"splitting_variable": 13, "splitting_threshold": 0.099023, "left": {"splitting_variable": 2, "splitting_threshold": 0.361727, "left": {"splitting_variable": 0, "splitting_threshold": 0.212928, "left": 0.07791432426894784, "right": 0.07561373689043438}, "right": {"splitting_variable": 0, "splitting_threshold": 0.059051, "left": 0.08406843007852527, "right": 0.08677552420097834}}, "right": {"splitting_variable": 5, "splitting_threshold": 0.697405, "left": {"splitting_variable": 12, "splitting_threshold": 0.020443, "left": 0.11029162508712975, "right": {"splitting_variable": 17, "splitting_threshold": 0.985205, "left": -0.05445402440835512, "right": 0.05530122244192648}}, "right": {"splitting_variable": 0, "splitting_threshold": 0.4164, "left": {"splitting_variable": 0, "splitting_threshold": 0.171493, "left": 0.013873056241984464, "right": -0.02152727453329395}, "right": {"splitting_variable": 0, "splitting_threshold": 0.416443, "left": 0.03896204021779126, "right": 0.05898665396731301}}}}, "right": {"splitting_variable": 11, "splitting_threshold": 0.829232, "left": {"splitting_variable": 27, "splitting_threshold": 0.379959, "left": {"splitting_variable": 5, "splitting_threshold": 0.60318, "left": {"splitting_variable": 0, "splitting_threshold": 0.399324, "left": 0.10950444473927967, "right": 0.09628053007852533}, "right": {"splitting_variable": 0, "splitting_threshold": 0.272824, "left": 0.07994823007852536, "right": 0.0664426210824749}}, "right": {"splitting_variable": 9, "splitting_threshold": 0.610603, "left": {"splitting_variable": 6, "splitting_threshold": 0.009876, "left": -0.023437196489774603, "right": 0.024147442532507574}, "right": {"splitting_variable": 0, "splitting_threshold": 0.400657, "left": 0.08140393561600945, "right": 0.07549420349701819}}}, "right": -0.07799771759301388}}, "17": {"splitting_variable": 23, "splitting_threshold": 0.08861, "left": {"splitting_variable": 7, "splitting_threshold": 0.828729, "left": {"splitting_variable": 0, "splitting_threshold": 0.175949, "left": -0.0647547193933759, "right": {"splitting_variable": 0, "splitting_threshold": 0.524942, "left": -0.04078320110292244, "right": -0.037582747749888845}}, "right": {"splitting_variable": 0, "splitting_threshold": 0.283226, "left": -0.08223806428707708, "right": -0.11285095462570068}}, "right": {"splitting_variable": 13, "splitting_threshold": 0.900894, "left": {"splitting_variable": 16, "splitting_threshold": 0.351702, "left": {"splitting_variable": 9, "splitting_threshold": 0.618309, "left": {"splitting_variable": 0, "splitting_threshold": 0.875066, "left": -0.021227719295601116, "right": -0.0879147795974306}, "right": {"splitting_variable": 0, "splitting_threshold": 0.416443, "left": 0.03506583619601211, "right": 0.06387157106077185}}, "right": {"splitting_variable": 1, "splitting_threshold": 0.007321, "left": {"splitting_variable": 0, "splitting_threshold": 0.730066, "left": -0.01762111202388905, "right": -0.06264476557569626}, "right": {"splitting_variable": 23, "splitting_threshold": 0.53115, "left": 0.06881157309022551, "right": 0.02695858579141625}}}, "right": {"splitting_variable": 5, "splitting_threshold": 0.660934, "left": {"splitting_variable": 3, "splitting_threshold": 0.526637, "left": {"splitting_variable": 0, "splitting_threshold": 0.114583, "left": -0.11929151694769415, "right": -0.13198390778323926}, "right": {"splitting_variable": 1, "splitting_threshold": 0.780792, "left": -0.0491831908787764, "right": -0.051764185454363676}}, "right": {"splitting_variable": 0, "splitting_threshold": 0.171493, "left": 0.001991443627806344, "right": 0.05219439451087016}}}}, "18": {"splitting_variable": 4, "splitting_threshold": 0.668537, "left": {"splitting_variable": 13, "splitting_threshold": 0.099023, "left": {"splitting_variable": 2, "splitting_threshold": 0.361727, "left": {"splitting_variable": 0, "splitting_threshold": 0.212928, "left": 0.0632417345330305, "right": 0.06117120589236846}, "right": {"splitting_variable": 0, "splitting_threshold": 0.059051, "left": 0.07296572849153105, "right": 0.07121681447185801}}, "right": {"splitting_variable": 5, "splitting_threshold": 0.697405, "left": {"splitting_variable": 12, "splitting_threshold": 0.06738, "left": {"splitting_variable": 0, "splitting_threshold": 0.217569, "left": 0.014130233798861247, "right": 0.09238130526939425}, "right": {"splitting_variable": 28, "splitting_threshold": 0.817075, "left": -0.033068353979623474, "right": -0.07836785341443274}}, "right": {"splitting_variable": 0, "splitting_threshold": 0.4164, "left": {"splitting_variable": 0, "splitting_threshold": 0.171493, "left": 0.009227030534137759, "right": -0.02207040565910623}, "right": {"splitting_variable": 0, "splitting_threshold": 0.416443, "left": 0.0315592525764109, "right": 0.04829948062649958}}}}, "right": {"splitting_variable": 11, "splitting_threshold": 0.829232, "left": {"splitting_variable": 27, "splitting_threshold": 0.379959, "left": {"splitting_variable": 5, "splitting_threshold": 0.60318, "left": {"splitting_variable": 0, "splitting_threshold": 0.399324, "left": 0.09167284295632916, "right": 0.0797713197616503}, "right": {"splitting_variable": 0, "splitting_threshold": 0.272824, "left": 0.0692575484915311, "right": 0.05341120186815018}}, "right": {"splitting_variable": 9, "splitting_threshold": 0.610603, "left": {"splitting_variable": 25, "splitting_threshold": 0.600735, "left": 0.02709569059029099, "right": -0.002006249642083883}, "right": {"splitting_variable": 0, "splitting_threshold": 0.400657, "left": 0.07056768347526687, "right": 0.061557626041239155}}}, "right": -0.06140646787396942}}, "19": {"splitting_variable": 4, "splitting_threshold": 0.668537, "left": {"splitting_variable": 13, "splitting_threshold": 0.099023, "left": {"splitting_variable": 2, "splitting_threshold": 0.361727, "left": {"splitting_variable": 0, "splitting_threshold": 0.212928, "left": 0.05691756107972745, "right": 0.055054085303131606}, "right": {"splitting_variable": 0, "splitting_threshold": 0.059051, "left": 0.06566915564237796, "right": 0.06409513302467218}}, "right": {"splitting_variable": 13, "splitting_threshold": 0.931507, "left": {"splitting_variable": 23, "splitting_threshold": 0.08861, "left": {"splitting_variable": 7, "splitting_threshold": 0.828729, "left": -0.038119381761400194, "right": -0.08221824814104717}, "right": {"splitting_variable": 9, "splitting_threshold": 0.255627, "left": 0.05391277521335158, "right": -0.012539364671093772}}, "right": {"splitting_variable": 1, "splitting_threshold": 0.723459, "left": {"splitting_variable": 0, "splitting_threshold": 0.114583, "left": -0.1040555298549624, "right": -0.11094873166347205}, "right": {"splitting_variable": 0, "splitting_threshold": 0.784143, "left": -0.04328093151096496, "right": -0.03608332401199171}}}}, "right": {"splitting_variable": 11, "splitting_threshold": 0.829232, "left": {"splitting_variable": 27, "splitting_threshold": 0.379959, "left": {"splitting_variable": 5, "splitting_threshold": 0.60318, "left": {"splitting_variable": 0, "splitting_threshold": 0.399324, "left": 0.0825055586606962, "right": 0.0717941877854853}, "right": {"splitting_variable": 0, "splitting_threshold": 0.272824, "left": 0.06233179364237795, "right": 0.0480700816813352}}, "right": {"splitting_variable": 20, "splitting_threshold": 0.346289, "left": {"splitting_variable": 2, "splitting_threshold": 0.011846, "left": 0.017239855765586287, "right": 0.05439272152186984}, "right": {"splitting_variable": 5, "splitting_threshold": 0.655553, "left": 0.012348112568027342, "right": -0.018770079947028617}}}, "right": -0.055265821086572464}}}