{"splitting_variable": 7, "splitting_threshold": 0.39177, "left": {"splitting_variable": 7, "splitting_threshold": 0.049539, "left": {"splitting_variable": 0, "splitting_threshold": 0.640071, "left": 0.843068, "right": 0.730683}, "right": {"splitting_variable": 10, "splitting_threshold": 0.188457, "left": {"splitting_variable": 19, "splitting_threshold": 0.408236, "left": {"splitting_variable": 0, "splitting_threshold": 0.632774, "left": 0.5967134999999999, "right": 0.741313}, "right": {"splitting_variable": 2, "splitting_threshold": 0.18102, "left": 0.320311, "right": 0.28076599999999996}}, "right": {"splitting_variable": 0, "splitting_threshold": 0.063881, "left": {"splitting_variable": 0, "splitting_threshold": 0.049218, "left": 0.460903, "right": 0.436975}, "right": {"splitting_variable": 3, "splitting_threshold": 0.669093, "left": 0.0368572, "right": 0.2455642857142857}}}}, "right": {"splitting_variable": 10, "splitting_threshold": 0.505944, "left": {"splitting_variable": 18, "splitting_threshold": 0.811888, "left": {"splitting_variable": 6, "splitting_threshold": 0.286274, "left": {"splitting_variable": 8, "splitting_threshold": 0.201083, "left": 0.4766495, "right": 0.3042315}, "right": {"splitting_variable": 8, "splitting_threshold": 0.484597, "left": 0.58026, "right": 0.815048}}, "right": {"splitting_variable": 1, "splitting_threshold": 0.75588, "left": {"splitting_variable": 3, "splitting_threshold": 0.168694, "left": 0.338156, "right": 0.21275199999999997}, "right": 0.042071}}, "right": {"splitting_variable": 0, "splitting_threshold": 0.3381, "left": {"splitting_variable": 0, "splitting_threshold": 0.146191, "left": 0.514506, "right": {"splitting_variable": 0, "splitting_threshold": 0.272854, "left": 0.328025, "right": 0.335364}}, "right": {"splitting_variable": 5, "splitting_threshold": 0.589819, "left": {"splitting_variable": 0, "splitting_threshold": 0.6357, "left": 0.833037, "right": 0.9025265}, "right": {"splitting_variable": 0, "splitting_threshold": 0.350179, "left": 0.707927, "right": 0.751722}}}}}