{"splitting_variable": 5, "splitting_threshold": 0.581347, "left": {"splitting_variable": 13, "splitting_threshold": 0.074132, "left": {"splitting_variable": 0, "splitting_threshold": 0.863349, "left": {"splitting_variable": 5, "splitting_threshold": 0.04124, "left": 0.988315, "right": 0.961891}, "right": 0.769614}, "right": {"splitting_variable": 1, "splitting_threshold": 0.372454, "left": {"splitting_variable": 3, "splitting_threshold": 0.134382, "left": {"splitting_variable": 1, "splitting_threshold": 0.076251, "left": 0.017838, "right": 0.08022599999999999}, "right": {"splitting_variable": 17, "splitting_threshold": 0.4062, "left": 0.38055525, "right": 0.3238825}}, "right": {"splitting_variable": 1, "splitting_threshold": 0.666743, "left": {"splitting_variable": 0, "splitting_threshold": 0.733315, "left": 0.7287355, "right": 0.3272835}, "right": {"splitting_variable": 7, "splitting_threshold": 0.629194, "left": 0.35089475000000003, "right": 0.1749295}}}}, "right": {"splitting_variable": 18, "splitting_threshold": 0.871386, "left": {"splitting_variable": 0, "splitting_threshold": 0.887243, "left": {"splitting_variable": 9, "splitting_threshold": 0.457512, "left": {"splitting_variable": 7, "splitting_threshold": 0.431423, "left": 0.519757, "right": 0.7513046666666666}, "right": {"splitting_variable": 9, "splitting_threshold": 0.815639, "left": 0.9166979, "right": 0.7529745000000001}}, "right": 0.316258}, "right": {"splitting_variable": 0, "splitting_threshold": 0.241952, "left": 0.287156, "right": 0.5390174999999999}}}