{"splitting_variable": 7, "splitting_threshold": 0.39177, "left": {"splitting_variable": 7, "splitting_threshold": 0.049539, "left": 0.7868755000000001, "right": {"splitting_variable": 10, "splitting_threshold": 0.188457, "left": {"splitting_variable": 19, "splitting_threshold": 0.408236, "left": 0.6449133333333333, "right": 0.29394766666666666}, "right": {"splitting_variable": 0, "splitting_threshold": 0.063881, "left": 0.448939, "right": 0.15860300000000002}}}, "right": {"splitting_variable": 10, "splitting_threshold": 0.505944, "left": {"splitting_variable": 18, "splitting_threshold": 0.811888, "left": {"splitting_variable": 6, "splitting_threshold": 0.286274, "left": 0.36170416666666666, "right": 0.6808834285714285}, "right": {"splitting_variable": 1, "splitting_threshold": 0.75588, "left": 0.26291359999999997, "right": 0.042071}}, "right": {"splitting_variable": 0, "splitting_threshold": 0.3381, "left": {"splitting_variable": 0, "splitting_threshold": 0.146191, "left": 0.514506, "right": 0.3316945}, "right": {"splitting_variable": 5, "splitting_threshold": 0.589819, "left": 0.86778175, "right": 0.7298245}}}}