{"splitting_variable": 5, "splitting_threshold": 0.581347, "left": {"splitting_variable": 13, "splitting_threshold": 0.074132, "left": {"splitting_variable": 0, "splitting_threshold": 0.863349, "left": {"splitting_variable": 5, "splitting_threshold": 0.04124, "left": 0.988315, "right": 0.961891}, "right": 0.769614}, "right": {"splitting_variable": 1, "splitting_threshold": 0.372454, "left": {"splitting_variable": 3, "splitting_threshold": 0.134382, "left": 0.059430000000000004, "right": 0.36166433333333337}, "right": {"splitting_variable": 1, "splitting_threshold": 0.666743, "left": 0.6484451000000001, "right": 0.2922396666666667}}}, "right": {"splitting_variable": 18, "splitting_threshold": 0.871386, "left": {"splitting_variable": 0, "splitting_threshold": 0.887243, "left": {"splitting_variable": 9, "splitting_threshold": 0.457512, "left": 0.6586855999999999, "right": 0.8894106666666666}, "right": 0.316258}, "right": {"splitting_variable": 0, "splitting_threshold": 0.241952, "left": 0.287156, "right": 0.5390174999999999}}}