{"0": {"splitting_variable": 6, "splitting_threshold": 0.63408, "left": {"splitting_variable": 2, "splitting_threshold": 0.187338, "left": -0.39845099999999994, "right": {"splitting_variable": 0, "splitting_threshold": 0.517571, "left": {"splitting_variable": 0, "splitting_threshold": 0.126045, "left": -0.29923299999999997, "right": -0.26140699999999994}, "right": {"splitting_variable": 0, "splitting_threshold": 0.838456, "left": -0.18006899999999992, "right": -0.22791899999999995}}}, "right": {"splitting_variable": 0, "splitting_threshold": 0.66443, "left": {"splitting_variable": 0, "splitting_threshold": 0.332629, "left": {"splitting_variable": 1, "splitting_threshold": 0.879909, "left": {"splitting_variable": 0, "splitting_threshold": 0.08135, "left": 0.44047300000000006, "right": 0.40813400000000005}, "right": 0.5484820000000001}, "right": 0.26723100000000005}, "right": -0.297241}}, "1": {"splitting_variable": 6, "splitting_threshold": 0.63408, "left": {"splitting_variable": 2, "splitting_threshold": 0.187338, "left": -0.3586058999999999, "right": {"splitting_variable": 0, "splitting_threshold": 0.517571, "left": {"splitting_variable": 0, "splitting_threshold": 0.126045, "left": -0.2693097, "right": -0.23526629999999993}, "right": {"splitting_variable": 0, "splitting_threshold": 0.838456, "left": -0.16206209999999993, "right": -0.20512709999999998}}}, "right": {"splitting_variable": 0, "splitting_threshold": 0.66443, "left": {"splitting_variable": 0, "splitting_threshold": 0.332629, "left": {"splitting_variable": 1, "splitting_threshold": 0.879909, "left": {"splitting_variable": 0, "splitting_threshold": 0.08135, "left": 0.39642570000000005, "right": 0.36732060000000005}, "right": 0.49363380000000007}, "right": 0.24050790000000005}, "right": -0.26751689999999995}}, "2": {"splitting_variable": 6, "splitting_threshold": 0.63408, "left": {"splitting_variable": 2, "splitting_threshold": 0.187338, "left": -0.32274530999999995, "right": {"splitting_variable": 0, "splitting_threshold": 0.517571, "left": {"splitting_variable": 0, "splitting_threshold": 0.126045, "left": -0.24237872999999996, "right": -0.21173966999999994}, "right": {"splitting_variable": 0, "splitting_threshold": 0.838456, "left": -0.14585588999999993, "right": -0.18461439}}}, "right": {"splitting_variable": 0, "splitting_threshold": 0.66443, "left": {"splitting_variable": 0, "splitting_threshold": 0.332629, "left": {"splitting_variable": 1, "splitting_threshold": 0.879909, "left": {"splitting_variable": 0, "splitting_threshold": 0.08135, "left": 0.35678313000000006, "right": 0.33058854000000004}, "right": 0.44427042000000005}, "right": 0.21645711000000006}, "right": -0.24076520999999998}}, "3": {"splitting_variable": 6, "splitting_threshold": 0.63408, "left": {"splitting_variable": 2, "splitting_threshold": 0.187338, "left": -0.29047077899999996, "right": {"splitting_variable": 0, "splitting_threshold": 0.517571, "left": {"splitting_variable": 0, "splitting_threshold": 0.126045, "left": -0.21814085699999994, "right": -0.19056570299999992}, "right": {"splitting_variable": 0, "splitting_threshold": 0.838456, "left": -0.13127030099999992, "right": -0.16615295099999997}}}, "right": {"splitting_variable": 0, "splitting_threshold": 0.66443, "left": {"splitting_variable": 0, "splitting_threshold": 0.332629, "left": {"splitting_variable": 1, "splitting_threshold": 0.879909, "left": {"splitting_variable": 0, "splitting_threshold": 0.08135, "left": 0.32110481700000004, "right": 0.29752968600000007}, "right": 0.399843378}, "right": 0.1948113990000001}, "right": -0.21668868899999996}}, "4": {"splitting_variable": 6, "splitting_threshold": 0.63408, "left": {"splitting_variable": 2, "splitting_threshold": 0.187338, "left": -0.26142370109999996, "right": {"splitting_variable": 0, "splitting_threshold": 0.517571, "left": {"splitting_variable": 0, "splitting_threshold": 0.126045, "left": -0.19632677129999995, "right": -0.17150913269999996}, "right": {"splitting_variable": 0, "splitting_threshold": 0.838456, "left": -0.11814327089999993, "right": -0.14953765589999998}}}, "right": {"splitting_variable": 0, "splitting_threshold": 0.66443, "left": {"splitting_variable": 0, "splitting_threshold": 0.332629, "left": {"splitting_variable": 1, "splitting_threshold": 0.879909, "left": {"splitting_variable": 0, "splitting_threshold": 0.08135, "left": 0.28899433530000007, "right": 0.2677767174000001}, "right": 0.35985904020000004}, "right": 0.1753302591000001}, "right": -0.1950198201}}}