{"0": {"splitting_variable": 7, "splitting_threshold": 0.39177, "left": {"splitting_variable": 7, "splitting_threshold": 0.049539, "left": {"splitting_variable": 0, "splitting_threshold": 0.640071, "left": 0.4112046600000001, "right": 0.29881966000000004}, "right": {"splitting_variable": 10, "splitting_threshold": 0.188457, "left": {"splitting_variable": 19, "splitting_threshold": 0.408236, "left": {"splitting_variable": 0, "splitting_threshold": 0.632774, "left": 0.16485016000000002, "right": 0.30944966000000007}, "right": {"splitting_variable": 2, "splitting_threshold": 0.18102, "left": -0.11155233999999992, "right": -0.15109733999999994}}, "right": {"splitting_variable": 0, "splitting_threshold": 0.063881, "left": {"splitting_variable": 0, "splitting_threshold": 0.049218, "left": 0.029039660000000078, "right": 0.005111660000000073}, "right": {"splitting_variable": 3, "splitting_threshold": 0.669093, "left": -0.3950061399999999, "right": -0.1862990542857142}}}}, "right": {"splitting_variable": 10, "splitting_threshold": 0.505944, "left": {"splitting_variable": 18, "splitting_threshold": 0.811888, "left": {"splitting_variable": 6, "splitting_threshold": 0.286274, "left": {"splitting_variable": 8, "splitting_threshold": 0.201083, "left": 0.044786160000000075, "right": -0.12763183999999994}, "right": {"splitting_variable": 8, "splitting_threshold": 0.484597, "left": 0.14839666000000007, "right": 0.3831846600000001}}, "right": {"splitting_variable": 1, "splitting_threshold": 0.75588, "left": {"splitting_variable": 3, "splitting_threshold": 0.168694, "left": -0.09370733999999992, "right": -0.21911133999999996}, "right": -0.38979233999999996}}, "right": {"splitting_variable": 0, "splitting_threshold": 0.3381, "left": {"splitting_variable": 0, "splitting_threshold": 0.146191, "left": 0.08264266000000009, "right": {"splitting_variable": 0, "splitting_threshold": 0.272854, "left": -0.10383833999999992, "right": -0.09649933999999993}}, "right": {"splitting_variable": 5, "splitting_threshold": 0.589819, "left": {"splitting_variable": 0, "splitting_threshold": 0.6357, "left": 0.40117366000000004, "right": 0.4706631600000001}, "right": {"splitting_variable": 0, "splitting_threshold": 0.350179, "left": 0.27606366000000004, "right": 0.3198586600000001}}}}}, "1": {"splitting_variable": 7, "splitting_threshold": 0.39177, "left": {"splitting_variable": 7, "splitting_threshold": 0.049539, "left": {"splitting_variable": 0, "splitting_threshold": 0.640071, "left": 0.3700841940000001, "right": 0.26893769400000006}, "right": {"splitting_variable": 10, "splitting_threshold": 0.188457, "left": {"splitting_variable": 19, "splitting_threshold": 0.408236, "left": {"splitting_variable": 0, "splitting_threshold": 0.632774, "left": 0.148365144, "right": 0.27850469400000005}, "right": {"splitting_variable": 2, "splitting_threshold": 0.18102, "left": -0.1003971059999999, "right": -0.13598760599999996}}, "right": {"splitting_variable": 0, "splitting_threshold": 0.063881, "left": {"splitting_variable": 0, "splitting_threshold": 0.049218, "left": 0.026135694000000098, "right": 0.004600494000000066}, "right": {"splitting_variable": 3, "splitting_threshold": 0.669093, "left": -0.35550552599999996, "right": -0.16766914885714282}}}}, "right": {"splitting_variable": 10, "splitting_threshold": 0.505944, "left": {"splitting_variable": 18, "splitting_threshold": 0.811888, "left": {"splitting_variable": 6, "splitting_threshold": 0.286274, "left": {"splitting_variable": 8, "splitting_threshold": 0.201083, "left": 0.040307544000000084, "right": -0.11486865599999996}, "right": {"splitting_variable": 8, "splitting_threshold": 0.484597, "left": 0.13355699400000004, "right": 0.344866194}}, "right": {"splitting_variable": 1, "splitting_threshold": 0.75588, "left": {"splitting_variable": 3, "splitting_threshold": 0.168694, "left": -0.08433660599999993, "right": -0.19720020599999996}, "right": -0.35081310599999993}}, "right": {"splitting_variable": 0, "splitting_threshold": 0.3381, "left": {"splitting_variable": 0, "splitting_threshold": 0.146191, "left": 0.07437839400000007, "right": {"splitting_variable": 0, "splitting_threshold": 0.272854, "left": -0.09345450599999994, "right": -0.08684940599999996}}, "right": {"splitting_variable": 5, "splitting_threshold": 0.589819, "left": {"splitting_variable": 0, "splitting_threshold": 0.6357, "left": 0.36105629400000006, "right": 0.4235968440000001}, "right": {"splitting_variable": 0, "splitting_threshold": 0.350179, "left": 0.24845729400000005, "right": 0.28787279400000004}}}}}, "2": {"splitting_variable": 7, "splitting_threshold": 0.39177, "left": {"splitting_variable": 7, "splitting_threshold": 0.049539, "left": {"splitting_variable": 0, "splitting_threshold": 0.640071, "left": 0.33307577460000004, "right": 0.24204392460000007}, "right": {"splitting_variable": 10, "splitting_threshold": 0.188457, "left": {"splitting_variable": 19, "splitting_threshold": 0.408236, "left": {"splitting_variable": 0, "splitting_threshold": 0.632774, "left": 0.1335286296, "right": 0.25065422460000003}, "right": {"splitting_variable": 2, "splitting_threshold": 0.18102, "left": -0.09035739539999993, "right": -0.12238884539999997}}, "right": {"splitting_variable": 11, "splitting_threshold": 0.69087, "left": {"splitting_variable": 19, "splitting_threshold": 0.692924, "left": -0.08388377532857136, "right": -0.32546217339999994}, "right": {"splitting_variable": 4, "splitting_threshold": 0.829921, "left": -0.3455058465428571, "right": -0.3077108465428571}}}}, "right": {"splitting_variable": 10, "splitting_threshold": 0.505944, "left": {"splitting_variable": 18, "splitting_threshold": 0.811888, "left": {"splitting_variable": 6, "splitting_threshold": 0.286274, "left": {"splitting_variable": 8, "splitting_threshold": 0.201083, "left": 0.03627678960000008, "right": -0.10338179039999995}, "right": {"splitting_variable": 0, "splitting_threshold": 0.040474, "left": 0.4435925746000001, "right": 0.1613918879333334}}, "right": {"splitting_variable": 1, "splitting_threshold": 0.75588, "left": {"splitting_variable": 3, "splitting_threshold": 0.168694, "left": -0.07590294539999992, "right": -0.17748018539999996}, "right": -0.31573179539999996}}, "right": {"splitting_variable": 0, "splitting_threshold": 0.3381, "left": {"splitting_variable": 0, "splitting_threshold": 0.146191, "left": 0.06694055460000004, "right": {"splitting_variable": 0, "splitting_threshold": 0.272854, "left": -0.08410905539999997, "right": -0.0781644654}}, "right": {"splitting_variable": 5, "splitting_threshold": 0.589819, "left": {"splitting_variable": 1, "splitting_threshold": 0.08012, "left": 0.40405765960000006, "right": 0.33610599626666665}, "right": {"splitting_variable": 0, "splitting_threshold": 0.350179, "left": 0.22361156460000003, "right": 0.25908551460000007}}}}}, "3": {"splitting_variable": 7, "splitting_threshold": 0.39177, "left": {"splitting_variable": 7, "splitting_threshold": 0.049539, "left": {"splitting_variable": 0, "splitting_threshold": 0.640071, "left": 0.29976819714, "right": 0.21783953214000007}, "right": {"splitting_variable": 9, "splitting_threshold": 0.090622, "left": {"splitting_variable": 0, "splitting_threshold": 0.42313, "left": {"splitting_variable": 0, "splitting_threshold": 0.049218, "left": 0.03191050213285723, "right": -0.1135701421528571}, "right": {"splitting_variable": 0, "splitting_threshold": 0.480192, "left": 0.14267726664000002, "right": 0.22558880214}}, "right": {"splitting_variable": 16, "splitting_threshold": 0.518687, "left": {"splitting_variable": 3, "splitting_threshold": 0.687487, "left": -0.30023404635285705, "right": -0.13932387472607138}, "right": {"splitting_variable": 8, "splitting_threshold": 0.389549, "left": -0.20786261544928566, "right": -0.002736370278571376}}}}, "right": {"splitting_variable": 10, "splitting_threshold": 0.505944, "left": {"splitting_variable": 18, "splitting_threshold": 0.811888, "left": {"splitting_variable": 6, "splitting_threshold": 0.802189, "left": {"splitting_variable": 6, "splitting_threshold": 0.286274, "left": -0.05114603735999993, "right": 0.10139692580666675}, "right": {"splitting_variable": 4, "splitting_threshold": 0.555405, "left": 0.38397485147333343, "right": 0.09721210580666673}}, "right": {"splitting_variable": 1, "splitting_threshold": 0.75588, "left": {"splitting_variable": 3, "splitting_threshold": 0.168694, "left": -0.06831265085999993, "right": -0.15973216685999994}, "right": -0.2841586158599999}}, "right": {"splitting_variable": 0, "splitting_threshold": 0.3381, "left": {"splitting_variable": 0, "splitting_threshold": 0.146191, "left": 0.06024649914000002, "right": {"splitting_variable": 0, "splitting_threshold": 0.272854, "left": -0.07569814985999995, "right": -0.07034801885999997}}, "right": {"splitting_variable": 5, "splitting_threshold": 0.589819, "left": {"splitting_variable": 1, "splitting_threshold": 0.08012, "left": 0.36365189364000006, "right": 0.30249539664}, "right": {"splitting_variable": 0, "splitting_threshold": 0.350179, "left": 0.20125040814000006, "right": 0.23317696314000003}}}}}, "4": {"splitting_variable": 7, "splitting_threshold": 0.39177, "left": {"splitting_variable": 7, "splitting_threshold": 0.049539, "left": {"splitting_variable": 0, "splitting_threshold": 0.640071, "left": 0.269791377426, "right": 0.19605557892600012}, "right": {"splitting_variable": 10, "splitting_threshold": 0.188457, "left": {"splitting_variable": 19, "splitting_threshold": 0.408236, "left": {"splitting_variable": 0, "splitting_threshold": 0.632774, "left": 0.11317872182192859, "right": 0.203029921926}, "right": {"splitting_variable": 2, "splitting_threshold": 0.18102, "left": -0.0810480188321428, "right": -0.09621757338739287}}, "right": {"splitting_variable": 11, "splitting_threshold": 0.69087, "left": {"splitting_variable": 0, "splitting_threshold": 0.368525, "left": 0.020979468651761996, "right": -0.15985110891886214}, "right": {"splitting_variable": 0, "splitting_threshold": 0.515333, "left": -0.26383001962334524, "right": -0.2895345303961428}}}}, "right": {"splitting_variable": 10, "splitting_threshold": 0.505944, "left": {"splitting_variable": 18, "splitting_threshold": 0.811888, "left": {"splitting_variable": 6, "splitting_threshold": 0.802189, "left": {"splitting_variable": 6, "splitting_threshold": 0.286274, "left": -0.04603143362399995, "right": 0.09125723322600007}, "right": {"splitting_variable": 4, "splitting_threshold": 0.555405, "left": 0.3455773663260001, "right": 0.08749089522600006}}, "right": {"splitting_variable": 1, "splitting_threshold": 0.75588, "left": {"splitting_variable": 3, "splitting_threshold": 0.168694, "left": -0.06148138577399992, "right": -0.14375895017399995}, "right": -0.25574275427399995}}, "right": {"splitting_variable": 0, "splitting_threshold": 0.3381, "left": {"splitting_variable": 0, "splitting_threshold": 0.146191, "left": 0.05422184922600004, "right": {"splitting_variable": 0, "splitting_threshold": 0.272854, "left": -0.06812833487399994, "right": -0.063313216974}}, "right": {"splitting_variable": 5, "splitting_threshold": 0.589819, "left": {"splitting_variable": 0, "splitting_threshold": 0.6357, "left": 0.26109052530933335, "right": 0.3109216122926667}, "right": {"splitting_variable": 0, "splitting_threshold": 0.350179, "left": 0.18112536732600004, "right": 0.20985926682599998}}}}}, "5": {"splitting_variable": 7, "splitting_threshold": 0.39177, "left": {"splitting_variable": 7, "splitting_threshold": 0.049539, "left": {"splitting_variable": 0, "splitting_threshold": 0.640071, "left": 0.24281223968340004, "right": 0.17645002103340013}, "right": {"splitting_variable": 9, "splitting_threshold": 0.090622, "left": {"splitting_variable": 0, "splitting_threshold": 0.42313, "left": {"splitting_variable": 0, "splitting_threshold": 0.049218, "left": 0.02662150505439531, "right": -0.08622801704568517}, "right": {"splitting_variable": 0, "splitting_threshold": 0.480192, "left": 0.1170916677938072, "right": 0.1827269297334}}, "right": {"splitting_variable": 16, "splitting_threshold": 0.518687, "left": {"splitting_variable": 3, "splitting_threshold": 0.687487, "left": -0.2495522841820499, "right": -0.10998858037053945}, "right": {"splitting_variable": 4, "splitting_threshold": 0.743653, "left": -0.01722188151784304, "right": -0.23219082523845117}}}}, "right": {"splitting_variable": 10, "splitting_threshold": 0.505944, "left": {"splitting_variable": 14, "splitting_threshold": 0.747112, "left": {"splitting_variable": 4, "splitting_threshold": 0.394406, "left": {"splitting_variable": 0, "splitting_threshold": 0.364215, "left": -0.08114122845284995, "right": 0.03546900584840005}, "right": {"splitting_variable": 4, "splitting_threshold": 0.555405, "left": 0.31101962969340013, "right": 0.09639863581215005}}, "right": {"splitting_variable": 1, "splitting_threshold": 0.767046, "left": {"splitting_variable": 6, "splitting_threshold": 0.145521, "left": -0.07166086426159998, "right": -0.12141082485826664}, "right": -0.23016847884659994}}, "right": {"splitting_variable": 0, "splitting_threshold": 0.3381, "left": {"splitting_variable": 0, "splitting_threshold": 0.146191, "left": 0.04879966430340005, "right": {"splitting_variable": 0, "splitting_threshold": 0.272854, "left": -0.06131550138659997, "right": -0.056981895276600025}}, "right": {"splitting_variable": 5, "splitting_threshold": 0.589819, "left": {"splitting_variable": 0, "splitting_threshold": 0.6357, "left": 0.23498147277840004, "right": 0.27982945106339996}, "right": {"splitting_variable": 0, "splitting_threshold": 0.350179, "left": 0.1630128305934, "right": 0.18887334014339996}}}}}, "6": {"splitting_variable": 7, "splitting_threshold": 0.39177, "left": {"splitting_variable": 7, "splitting_threshold": 0.049539, "left": {"splitting_variable": 0, "splitting_threshold": 0.640071, "left": 0.21853101571506006, "right": 0.15880501893006016}, "right": {"splitting_variable": 10, "splitting_threshold": 0.188457, "left": {"splitting_variable": 19, "splitting_threshold": 0.408236, "left": {"splitting_variable": 0, "splitting_threshold": 0.632774, "left": 0.09686736032593754, "right": 0.16445423676006}, "right": {"splitting_variable": 2, "splitting_threshold": 0.18102, "left": -0.0712210287971442, "right": -0.07559695801159963}}, "right": {"splitting_variable": 16, "splitting_threshold": 0.264444, "left": {"splitting_variable": 2, "splitting_threshold": 0.100925, "left": -0.23562584893832356, "right": -0.2220028171986073}, "right": {"splitting_variable": 5, "splitting_threshold": 0.680148, "left": -0.049288342536841674, "right": -0.22227808292225604}}}}, "right": {"splitting_variable": 10, "splitting_threshold": 0.505944, "left": {"splitting_variable": 0, "splitting_threshold": 0.103153, "left": {"splitting_variable": 0, "splitting_threshold": 0.040474, "left": 0.2951761323907268, "right": 0.16184582632218503}, "right": {"splitting_variable": 14, "splitting_threshold": 0.747112, "left": {"splitting_variable": 1, "splitting_threshold": 0.273226, "left": 0.2646592010573935, "right": -0.0011152844038024579}, "right": {"splitting_variable": 1, "splitting_threshold": 0.767046, "left": -0.09135975655763995, "right": -0.20715163096193995}}}, "right": {"splitting_variable": 0, "splitting_threshold": 0.3381, "left": {"splitting_variable": 0, "splitting_threshold": 0.146191, "left": 0.04391969787306005, "right": {"splitting_variable": 0, "splitting_threshold": 0.272854, "left": -0.055183951247939955, "right": -0.051283705748940034}}, "right": {"splitting_variable": 5, "splitting_threshold": 0.589819, "left": {"splitting_variable": 1, "splitting_threshold": 0.08012, "left": 0.2682115979403933, "right": 0.21948268832494885}, "right": {"splitting_variable": 0, "splitting_threshold": 0.350179, "left": 0.14671154753406002, "right": 0.16998600612906}}}}}, "7": {"splitting_variable": 8, "splitting_threshold": 0.153088, "left": {"splitting_variable": 16, "splitting_threshold": 0.474982, "left": {"splitting_variable": 0, "splitting_threshold": 0.082013, "left": -0.19876314543766338, "right": {"splitting_variable": 0, "splitting_threshold": 0.34815, "left": -0.2010049058395722, "right": -0.20026377020190522}}, "right": {"splitting_variable": 0, "splitting_threshold": 0.42313, "left": {"splitting_variable": 1, "splitting_threshold": 0.369382, "left": -0.03285859591093465, "right": {"splitting_variable": 2, "splitting_threshold": 0.687618, "left": -0.06701648849918357, "right": -0.09294274731057378}}, "right": 0.031876985593940255}}, "right": {"splitting_variable": 14, "splitting_threshold": 0.701624, "left": {"splitting_variable": 17, "splitting_threshold": 0.561372, "left": {"splitting_variable": 3, "splitting_threshold": 0.815806, "left": {"splitting_variable": 12, "splitting_threshold": 0.763222, "left": 0.1594836771505032, "right": 0.06677911408901924}, "right": {"splitting_variable": 0, "splitting_threshold": 0.146191, "left": 0.039527728085754055, "right": -0.05688829869224285}}, "right": {"splitting_variable": 12, "splitting_threshold": 0.123574, "left": {"splitting_variable": 0, "splitting_threshold": 0.405749, "left": 0.04060306622997348, "right": 0.19532398540580959}, "right": {"splitting_variable": 0, "splitting_threshold": 0.57153, "left": -0.07593297221957696, "right": -0.19813893039476235}}}, "right": {"splitting_variable": 1, "splitting_threshold": 0.08012, "left": 0.24139043814635397, "right": {"splitting_variable": 0, "splitting_threshold": 0.748079, "left": {"splitting_variable": 6, "splitting_threshold": 0.151663, "left": -0.02785134777639655, "right": -0.1379885033230805}, "right": 0.148008813084054}}}}, "8": {"splitting_variable": 7, "splitting_threshold": 0.39177, "left": {"splitting_variable": 7, "splitting_threshold": 0.049539, "left": {"splitting_variable": 0, "splitting_threshold": 0.640071, "left": 0.1771455156029731, "right": 0.12697614932200374}, "right": {"splitting_variable": 9, "splitting_threshold": 0.090622, "left": {"splitting_variable": 3, "splitting_threshold": 0.754846, "left": {"splitting_variable": 0, "splitting_threshold": 0.480192, "left": 0.055710360423530975, "right": 0.1332079317756486}, "right": -0.0659747322375141}, "right": {"splitting_variable": 8, "splitting_threshold": 0.668681, "left": {"splitting_variable": 3, "splitting_threshold": 0.687487, "left": -0.18703424988129963, "right": -0.08023822037696293}, "right": {"splitting_variable": 0, "splitting_threshold": 0.632774, "left": 0.0001574274457453173, "right": -0.17832503735528613}}}}, "right": {"splitting_variable": 10, "splitting_threshold": 0.505944, "left": {"splitting_variable": 18, "splitting_threshold": 0.811888, "left": {"splitting_variable": 6, "splitting_threshold": 0.286274, "left": {"splitting_variable": 8, "splitting_threshold": 0.201083, "left": 0.030952199111604795, "right": -0.061058551586437734}, "right": {"splitting_variable": 3, "splitting_threshold": 0.524229, "left": 0.16605087495044674, "right": 0.04481048209156868}}, "right": {"splitting_variable": 2, "splitting_threshold": 0.785439, "left": {"splitting_variable": 0, "splitting_threshold": 0.364215, "left": -0.042113841690428755, "right": -0.08782264668270119}, "right": {"splitting_variable": 0, "splitting_threshold": 0.233922, "left": -0.126533106648977, "right": -0.1726376175334379}}}, "right": {"splitting_variable": 0, "splitting_threshold": 0.3381, "left": {"splitting_variable": 0, "splitting_threshold": 0.146191, "left": 0.03557495527717863, "right": {"splitting_variable": 0, "splitting_threshold": 0.272854, "left": -0.042072258901188264, "right": -0.04046650530482171}}, "right": {"splitting_variable": 5, "splitting_threshold": 0.589819, "left": {"splitting_variable": 0, "splitting_threshold": 0.6357, "left": 0.1717946735402494, "right": 0.20741808587894994}, "right": {"splitting_variable": 0, "splitting_threshold": 0.350179, "left": 0.1253624813717521, "right": 0.1370390378011036}}}}}, "9": {"splitting_variable": 7, "splitting_threshold": 0.39177, "left": {"splitting_variable": 7, "splitting_threshold": 0.049539, "left": {"splitting_variable": 0, "splitting_threshold": 0.640071, "left": 0.15943096404267576, "right": 0.1142785343898034}, "right": {"splitting_variable": 9, "splitting_threshold": 0.090622, "left": {"splitting_variable": 3, "splitting_threshold": 0.754846, "left": {"splitting_variable": 0, "splitting_threshold": 0.049218, "left": 0.026102287537926483, "right": 0.09703174991125652}, "right": -0.05937725901376267}, "right": {"splitting_variable": 8, "splitting_threshold": 0.668681, "left": {"splitting_variable": 3, "splitting_threshold": 0.687487, "left": -0.1683308248931697, "right": -0.07221439833926663}, "right": {"splitting_variable": 0, "splitting_threshold": 0.632774, "left": 0.00014168470117077448, "right": -0.16049253361975752}}}}, "right": {"splitting_variable": 10, "splitting_threshold": 0.505944, "left": {"splitting_variable": 18, "splitting_threshold": 0.811888, "left": {"splitting_variable": 6, "splitting_threshold": 0.802189, "left": {"splitting_variable": 6, "splitting_threshold": 0.286274, "left": -0.027349471218381206, "right": 0.05852402253177674}, "right": {"splitting_variable": 4, "splitting_threshold": 0.555405, "left": 0.21937244484155916, "right": 0.04593047165861863}}, "right": {"splitting_variable": 2, "splitting_threshold": 0.785439, "left": {"splitting_variable": 0, "splitting_threshold": 0.364215, "left": -0.03790245752138588, "right": -0.07904038201443105}, "right": {"splitting_variable": 0, "splitting_threshold": 0.233922, "left": -0.11387979598407927, "right": -0.1553738557800941}}}, "right": {"splitting_variable": 0, "splitting_threshold": 0.3381, "left": {"splitting_variable": 0, "splitting_threshold": 0.146191, "left": 0.0320174597494608, "right": {"splitting_variable": 0, "splitting_threshold": 0.272854, "left": -0.037865033011069416, "right": -0.03641985477433951}}, "right": {"splitting_variable": 5, "splitting_threshold": 0.589819, "left": {"splitting_variable": 0, "splitting_threshold": 0.6357, "left": 0.15461520618622443, "right": 0.18667627729105496}, "right": {"splitting_variable": 0, "splitting_threshold": 0.350179, "left": 0.11282623323457686, "right": 0.12333513402099328}}}}}, "10": {"splitting_variable": 7, "splitting_threshold": 0.39177, "left": {"splitting_variable": 7, "splitting_threshold": 0.049539, "left": {"splitting_variable": 0, "splitting_threshold": 0.640071, "left": 0.14348786763840815, "right": 0.10285068095082306}, "right": {"splitting_variable": 9, "splitting_threshold": 0.090622, "left": {"splitting_variable": 3, "splitting_threshold": 0.754846, "left": {"splitting_variable": 0, "splitting_threshold": 0.480192, "left": 0.04398262250871876, "right": 0.11018396360695815}, "right": -0.05343953311238642}, "right": {"splitting_variable": 8, "splitting_threshold": 0.668681, "left": {"splitting_variable": 3, "splitting_threshold": 0.687487, "left": -0.1514977424038527, "right": -0.06499295850533998}, "right": {"splitting_variable": 15, "splitting_threshold": 0.253252, "left": -0.07967332281088092, "right": 0.03173808977670981}}}}, "right": {"splitting_variable": 10, "splitting_threshold": 0.505944, "left": {"splitting_variable": 0, "splitting_threshold": 0.103153, "left": {"splitting_variable": 0, "splitting_threshold": 0.040474, "left": 0.21116781945740326, "right": 0.10725538622669384}, "right": {"splitting_variable": 18, "splitting_threshold": 0.811888, "left": {"splitting_variable": 10, "splitting_threshold": 0.097859, "left": 0.18370258125740324, "right": -0.0002918625198799041}, "right": {"splitting_variable": 2, "splitting_threshold": 0.785439, "left": -0.05262427779111762, "right": -0.12116414329387802}}}, "right": {"splitting_variable": 0, "splitting_threshold": 0.3381, "left": {"splitting_variable": 0, "splitting_threshold": 0.146191, "left": 0.028815713774514695, "right": {"splitting_variable": 0, "splitting_threshold": 0.272854, "left": -0.0340785297099625, "right": -0.03277786929690557}}, "right": {"splitting_variable": 5, "splitting_threshold": 0.589819, "left": {"splitting_variable": 0, "splitting_threshold": 0.6357, "left": 0.13915368556760194, "right": 0.1680086495619495}, "right": {"splitting_variable": 0, "splitting_threshold": 0.350179, "left": 0.10154360991111921, "right": 0.11100162061889396}}}}}, "11": {"splitting_variable": 8, "splitting_threshold": 0.153088, "left": {"splitting_variable": 16, "splitting_threshold": 0.474982, "left": {"splitting_variable": 1, "splitting_threshold": 0.442398, "left": {"splitting_variable": 0, "splitting_threshold": 0.082013, "left": -0.12820054917606483, "right": -0.12955111146388248}, "right": -0.15915985753345802}, "right": {"splitting_variable": 0, "splitting_threshold": 0.42313, "left": {"splitting_variable": 1, "splitting_threshold": 0.369382, "left": -0.016308678619547934, "right": {"splitting_variable": 2, "splitting_threshold": 0.687618, "left": -0.044743234580935404, "right": -0.061903914857359466}}, "right": 0.028358200497211883}}, "right": {"splitting_variable": 14, "splitting_threshold": 0.701624, "left": {"splitting_variable": 17, "splitting_threshold": 0.561372, "left": {"splitting_variable": 3, "splitting_threshold": 0.815806, "left": {"splitting_variable": 12, "splitting_threshold": 0.763222, "left": 0.10781031307537307, "right": 0.045431955782527234}, "right": {"splitting_variable": 0, "splitting_threshold": 0.146191, "left": 0.02593414239706321, "right": -0.034843978493136724}}, "right": {"splitting_variable": 12, "splitting_threshold": 0.123574, "left": {"splitting_variable": 0, "splitting_threshold": 0.405749, "left": 0.029788767405621558, "right": 0.1285101912363219}, "right": {"splitting_variable": 0, "splitting_threshold": 0.57153, "left": -0.05111742418243152, "right": -0.13647594797669368}}}, "right": {"splitting_variable": 3, "splitting_threshold": 0.749402, "left": {"splitting_variable": 6, "splitting_threshold": 0.286274, "left": {"splitting_variable": 0, "splitting_threshold": 0.049218, "left": 0.019093796533261986, "right": -0.047992660244493335}, "right": {"splitting_variable": 0, "splitting_threshold": 0.538067, "left": -0.13792705901252167, "right": -0.06939841603387617}}, "right": {"splitting_variable": 1, "splitting_threshold": 0.257893, "left": {"splitting_variable": 0, "splitting_threshold": 0.686574, "left": 0.1610410930585232, "right": 0.09916556724626235}, "right": {"splitting_variable": 2, "splitting_threshold": 0.519989, "left": 0.005883322441536415, "right": -0.06234941603387617}}}}}, "12": {"splitting_variable": 7, "splitting_threshold": 0.39177, "left": {"splitting_variable": 7, "splitting_threshold": 0.049539, "left": {"splitting_variable": 0, "splitting_threshold": 0.640071, "left": 0.1162880617509352, "right": 0.08178458154820345}, "right": {"splitting_variable": 4, "splitting_threshold": 0.743653, "left": {"splitting_variable": 19, "splitting_threshold": 0.692924, "left": {"splitting_variable": 8, "splitting_threshold": 0.153088, "left": -0.08282781857265757, "right": 0.008271755528857193}, "right": {"splitting_variable": 0, "splitting_threshold": 0.377467, "left": -0.12305956587100504, "right": -0.12282835317902432}}, "right": {"splitting_variable": 0, "splitting_threshold": 0.34815, "left": -0.14324387178011222, "right": {"splitting_variable": 0, "splitting_threshold": 0.515333, "left": -0.12576507050952943, "right": -0.1337854260930988}}}}, "right": {"splitting_variable": 14, "splitting_threshold": 0.701624, "left": {"splitting_variable": 18, "splitting_threshold": 0.825757, "left": {"splitting_variable": 15, "splitting_threshold": 0.749938, "left": {"splitting_variable": 5, "splitting_threshold": 0.404172, "left": 0.14486125633703606, "right": 0.0722822902212713}, "right": {"splitting_variable": 9, "splitting_threshold": 0.125485, "left": -0.033652309561993554, "right": 0.03493851280880808}}, "right": {"splitting_variable": 2, "splitting_threshold": 0.785439, "left": {"splitting_variable": 0, "splitting_threshold": 0.3381, "left": -0.03146612521026543, "right": -0.014677810757593168}, "right": -0.08526365963804039}}, "right": {"splitting_variable": 1, "splitting_threshold": 0.08012, "left": 0.14493698375267094, "right": {"splitting_variable": 8, "splitting_threshold": 0.478604, "left": {"splitting_variable": 0, "splitting_threshold": 0.162065, "left": -0.031608912845117076, "right": 0.0032795716367481353}, "right": {"splitting_variable": 1, "splitting_threshold": 0.75588, "left": -0.05861579073421904, "right": -0.11392734997144471}}}}}, "13": {"splitting_variable": 7, "splitting_threshold": 0.39177, "left": {"splitting_variable": 7, "splitting_threshold": 0.049539, "left": {"splitting_variable": 0, "splitting_threshold": 0.640071, "left": 0.10465925557584166, "right": 0.07360612339338313}, "right": {"splitting_variable": 9, "splitting_threshold": 0.090622, "left": {"splitting_variable": 0, "splitting_threshold": 0.42313, "left": {"splitting_variable": 0, "splitting_threshold": 0.049218, "left": 0.016357241327050076, "right": -0.03533847448578842}, "right": {"splitting_variable": 0, "splitting_threshold": 0.480192, "left": 0.048466717122008784, "right": 0.08842183496875045}}, "right": {"splitting_variable": 4, "splitting_threshold": 0.743653, "left": {"splitting_variable": 3, "splitting_threshold": 0.607858, "left": -0.07911804052966115, "right": -0.011541138574994456}, "right": {"splitting_variable": 0, "splitting_threshold": 0.34815, "left": -0.128919484602101, "right": -0.1167977234711827}}}}, "right": {"splitting_variable": 14, "splitting_threshold": 0.701624, "left": {"splitting_variable": 18, "splitting_threshold": 0.825757, "left": {"splitting_variable": 15, "splitting_threshold": 0.749938, "left": {"splitting_variable": 5, "splitting_threshold": 0.404172, "left": 0.13037513070333243, "right": 0.06505406119914416}, "right": {"splitting_variable": 9, "splitting_threshold": 0.125485, "left": -0.030287078605794215, "right": 0.0314446615279273}}, "right": {"splitting_variable": 2, "splitting_threshold": 0.785439, "left": {"splitting_variable": 0, "splitting_threshold": 0.132822, "left": -0.033769953381602935, "right": -0.01803955083935435}, "right": -0.07673729367423637}}, "right": {"splitting_variable": 1, "splitting_threshold": 0.08012, "left": 0.1304432853774039, "right": {"splitting_variable": 8, "splitting_threshold": 0.478604, "left": {"splitting_variable": 0, "splitting_threshold": 0.162065, "left": -0.028448021560605385, "right": 0.002951614473073294}, "right": {"splitting_variable": 1, "splitting_threshold": 0.75588, "left": -0.052754211660797155, "right": -0.10253461497430025}}}}}, "14": {"splitting_variable": 8, "splitting_threshold": 0.153088, "left": {"splitting_variable": 16, "splitting_threshold": 0.474982, "left": {"splitting_variable": 1, "splitting_threshold": 0.442398, "left": {"splitting_variable": 0, "splitting_threshold": 0.082013, "left": -0.09918590834822649, "right": -0.10040141440726234}, "right": -0.11602753614189089}, "right": {"splitting_variable": 3, "splitting_threshold": 0.096217, "left": {"splitting_variable": 0, "splitting_threshold": 0.364215, "left": -0.011406074597898441, "right": 0.01888406301381712}, "right": {"splitting_variable": 2, "splitting_threshold": 0.687618, "left": {"splitting_variable": 0, "splitting_threshold": 0.132822, "left": -0.030392958043442664, "right": -0.0318046270372096}, "right": -0.04627662765685825}}}, "right": {"splitting_variable": 14, "splitting_threshold": 0.701624, "left": {"splitting_variable": 18, "splitting_threshold": 0.458397, "left": {"splitting_variable": 5, "splitting_threshold": 0.664941, "left": {"splitting_variable": 15, "splitting_threshold": 0.749938, "left": 0.08727494068098927, "right": 0.021085548231483633}, "right": {"splitting_variable": 0, "splitting_threshold": 0.124644, "left": -0.03535174598648527, "right": -0.036376538465131}}, "right": {"splitting_variable": 12, "splitting_threshold": 0.297781, "left": {"splitting_variable": 0, "splitting_threshold": 0.480192, "left": 0.03256204593544454, "right": 0.08750664377040729}, "right": {"splitting_variable": 2, "splitting_threshold": 0.671431, "left": -0.011683361425478756, "right": -0.08584863905748427}}}, "right": {"splitting_variable": 3, "splitting_threshold": 0.749402, "left": {"splitting_variable": 6, "splitting_threshold": 0.151663, "left": {"splitting_variable": 0, "splitting_threshold": 0.049218, "left": 0.014721517194345057, "right": -0.028537914554902104}, "right": {"splitting_variable": 1, "splitting_threshold": 0.251805, "left": -0.05493738759113369, "right": -0.10133971523898437}}, "right": {"splitting_variable": 1, "splitting_threshold": 0.257893, "left": {"splitting_variable": 0, "splitting_threshold": 0.686574, "left": 0.1173989568396635, "right": 0.0795796514718754}, "right": {"splitting_variable": 2, "splitting_threshold": 0.519989, "left": 0.0051469000441985435, "right": -0.044977474190986966}}}}}}